{
  "dataset": "exp_quick_hw_s4242/byte_08/profile_b08.npz",
  "n_total": 28984,
  "n_train": 20290,
  "n_val": 4347,
  "n_test": 4347,
  "n_classes": 9,
  "poi": 500,
  "h1": 512,
  "h2": 256,
  "dropout": 0.1,
  "epochs": 60,
  "batch_size": 256,
  "lr": 0.001,
  "l2": 1e-05,
  "patience": 10,
  "best_val_acc1": 0.26247987117552335,
  "test_acc1": 0.25741890959282265,
  "test_acc5": 0.9314469749252358
}