{
  "dataset": "exp_blind_hw_final/byte_10/profile_b10.npz",
  "n_total": 28984,
  "n_train": 20290,
  "n_val": 4347,
  "n_test": 4347,
  "n_classes": 9,
  "poi": 300,
  "h1": 256,
  "h2": 128,
  "dropout": 0.1,
  "epochs": 80,
  "batch_size": 256,
  "lr": 0.001,
  "l2": 1e-05,
  "patience": 15,
  "best_val_acc1": 0.26432022084196,
  "test_acc1": 0.2608695652173913,
  "test_acc5": 0.9307568438003221
}