{
  "dataset": "campaign_multisession_mlp16_full/byte_07/profile_b07.npz",
  "n_total": 15000,
  "n_train": 10500,
  "n_val": 2250,
  "n_test": 2250,
  "n_classes": 9,
  "poi": 300,
  "h1": 256,
  "h2": 128,
  "dropout": 0.1,
  "epochs": 60,
  "batch_size": 256,
  "lr": 0.001,
  "l2": 1e-05,
  "patience": 12,
  "best_val_acc1": 0.23733333333333334,
  "test_acc1": 0.2328888888888889,
  "test_acc5": 0.9213333333333333
}