{
  "dataset": "exp_blind_sbox_final/byte_00/profile_b00.npz",
  "n_total": 28984,
  "n_train": 20290,
  "n_val": 4347,
  "n_test": 4347,
  "n_classes": 256,
  "poi": 300,
  "h1": 256,
  "h2": 128,
  "dropout": 0.1,
  "epochs": 80,
  "batch_size": 256,
  "lr": 0.001,
  "l2": 1e-05,
  "patience": 15,
  "best_val_acc1": 0.007821486082355647,
  "test_acc1": 0.003910743041177824,
  "test_acc5": 0.023004370830457786
}