{
  "dataset": "campaign_unknownB_localmlp/byte_06/profile_hw_b06.npz",
  "n_total": 5000,
  "n_train": 3500,
  "n_val": 750,
  "n_test": 750,
  "n_classes": 9,
  "poi": 180,
  "h1": 192,
  "h2": 96,
  "dropout": 0.1,
  "epochs": 80,
  "batch_size": 256,
  "lr": 0.001,
  "l2": 1e-05,
  "patience": 12,
  "best_val_acc1": 0.24266666666666667,
  "test_acc1": 0.22266666666666668,
  "test_acc5": 0.9253333333333333
}