{
  "dataset": "exp_tune_hw_s2025/byte_04/profile_b04.npz",
  "n_total": 28984,
  "n_train": 20290,
  "n_val": 4347,
  "n_test": 4347,
  "n_classes": 9,
  "poi": 900,
  "h1": 768,
  "h2": 384,
  "dropout": 0.2,
  "epochs": 140,
  "batch_size": 256,
  "lr": 0.0007,
  "l2": 3e-05,
  "patience": 25,
  "best_val_acc1": 0.2553485162180814,
  "test_acc1": 0.25741890959282265,
  "test_acc5": 0.9268461007591442
}