{
  "dataset": "campaign_multisession_mlp16_full/byte_15/profile_b15.npz",
  "n_total": 15000,
  "n_train": 10500,
  "n_val": 2250,
  "n_test": 2250,
  "n_classes": 9,
  "poi": 300,
  "h1": 256,
  "h2": 128,
  "dropout": 0.1,
  "epochs": 60,
  "batch_size": 256,
  "lr": 0.001,
  "l2": 1e-05,
  "patience": 12,
  "best_val_acc1": 0.24755555555555556,
  "test_acc1": 0.24044444444444443,
  "test_acc5": 0.9226666666666666
}