{
  "input": "blind_082_50k_raw.npz",
  "output": "blind_082_50k_al.npz",
  "center": 1700,
  "window": 220,
  "max_shift": 20,
  "iters": 3,
  "ref": "median",
  "mode": "ref",
  "shift_mean_abs": 19.19032,
  "shift_p95_abs": 44.0,
  "iter_stats": [
    {
      "iter": 1,
      "lag_mean_abs": 10.46538,
      "lag_p95_abs": 19.0,
      "score_mean": 0.27540016174316406,
      "delta_mean_abs": 10.46538
    },
    {
      "iter": 2,
      "lag_mean_abs": 8.56104,
      "lag_p95_abs": 17.0,
      "score_mean": 0.6617036461830139,
      "delta_mean_abs": 8.56104
    },
    {
      "iter": 3,
      "lag_mean_abs": 5.3779,
      "lag_p95_abs": 17.0,
      "score_mean": 0.6688504815101624,
      "delta_mean_abs": 5.3779
    }
  ]
}