{
  "npz": "blind_082_50k_al.npz",
  "poi_json": "blind_082_50k_fullscan_summary.json",
  "n_list": [
    500,
    1000,
    2000,
    3000,
    5000,
    7000,
    10000,
    50000
  ],
  "recovered_key": [
    125,
    223,
    233,
    143,
    135,
    225,
    173,
    22,
    1,
    231,
    255,
    43,
    19,
    161,
    182,
    111
  ],
  "recovered_key_hex": "7DDFE98F87E1AD1601E7FF2B13A1B66F",
  "poi_half_window": 20,
  "stable_count_vs_n": [
    0,
    0,
    1,
    0,
    2,
    1,
    1,
    16
  ],
  "median_margin_vs_n": [
    0.008601127516843013,
    0.003778661533093322,
    0.004959076797978454,
    0.003992193106100245,
    0.0030134340811997437,
    0.002790911223201454,
    0.0021573317977595027,
    0.0044789172673357965
  ],
  "bytes": [
    {
      "byte": 0,
      "poi": 413,
      "recovered_key": 125,
      "recovered_key_hex": "7D",
      "score": 0.022818541232849612,
      "top1_over_n": [
        124,
        58,
        168,
        87,
        129,
        129,
        56,
        125
      ],
      "margin_over_n": [
        0.008082910360416584,
        0.012754118436299353,
        0.002026407029095928,
        0.0018815067238907718,
        9.890188589489757e-06,
        0.010975182599249546,
        0.0014373574205670883,
        0.006866961509722408
      ]
    },
    {
      "byte": 1,
      "poi": 1178,
      "recovered_key": 223,
      "recovered_key_hex": "DF",
      "score": 0.02235962566417316,
      "top1_over_n": [
        45,
        48,
        198,
        133,
        25,
        133,
        114,
        223
      ],
      "margin_over_n": [
        0.009119344673269442,
        0.0009671685678364628,
        0.00022853934792044228,
        0.0002737171139434169,
        0.001848517213038102,
        0.0004512471812905608,
        0.0019479692321455952,
        0.005712535874910163
      ]
    },
    {
      "byte": 2,
      "poi": 311,
      "recovered_key": 233,
      "recovered_key_hex": "E9",
      "score": 0.022000221865303347,
      "top1_over_n": [
        79,
        133,
        166,
        166,
        173,
        118,
        118,
        233
      ],
      "margin_over_n": [
        0.005285063928393369,
        0.0032846880688703617,
        0.012814292321539689,
        0.008392052237279152,
        0.001990327561056472,
        0.0013629938236681682,
        0.0009303555806192063,
        0.004062879641287251
      ]
    },
    {
      "byte": 3,
      "poi": 1090,
      "recovered_key": 143,
      "recovered_key_hex": "8F",
      "score": 0.02039049901387656,
      "top1_over_n": [
        231,
        148,
        122,
        135,
        238,
        25,
        25,
        143
      ],
      "margin_over_n": [
        0.03620124745680514,
        0.010224078814351403,
        0.0051038555653691725,
        0.0039121733922886925,
        0.004504495805227014,
        0.00016727905722917907,
        0.003676045053227023,
        0.0007620225829995698
      ]
    },
    {
      "byte": 4,
      "poi": 1740,
      "recovered_key": 135,
      "recovered_key_hex": "87",
      "score": 0.02246250815201983,
      "top1_over_n": [
        253,
        97,
        174,
        208,
        161,
        31,
        167,
        135
      ],
      "margin_over_n": [
        0.0050168135044455775,
        0.014652714059783023,
        0.008282221747218349,
        0.00013040357470675557,
        0.0014476345699985724,
        7.075831447037051e-05,
        0.006493252136293939,
        0.004769909472369948
      ]
    },
    {
      "byte": 5,
      "poi": 2212,
      "recovered_key": 225,
      "recovered_key_hex": "E1",
      "score": 0.0213620274527672,
      "top1_over_n": [
        199,
        192,
        125,
        141,
        15,
        15,
        15,
        225
      ],
      "margin_over_n": [
        0.0037287836153639398,
        0.0019227527829235452,
        0.0021585008629425445,
        0.00143392962324225,
        0.002373003139218073,
        0.004267945501396073,
        0.001260689478098563,
        0.004342820660969346
      ]
    },
    {
      "byte": 6,
      "poi": 301,
      "recovered_key": 173,
      "recovered_key_hex": "AD",
      "score": 0.023935178802935088,
      "top1_over_n": [
        57,
        60,
        60,
        179,
        217,
        217,
        112,
        173
      ],
      "margin_over_n": [
        0.033928688958047126,
        0.018843757382556614,
        0.0006771052282767975,
        0.007102218251461304,
        0.005855764686082614,
        0.0051864103649982216,
        0.0020005362063380758,
        0.006402293612736684
      ]
    },
    {
      "byte": 7,
      "poi": 3283,
      "recovered_key": 22,
      "recovered_key_hex": "16",
      "score": 0.021753390367972407,
      "top1_over_n": [
        21,
        155,
        49,
        49,
        49,
        49,
        242,
        22
      ],
      "margin_over_n": [
        0.0049497429488445654,
        0.0042726349973162825,
        0.01036174710725317,
        0.004072212819911797,
        0.009034364147163049,
        0.009290571476227652,
        0.0023141273891809297,
        0.0034774557257366487
      ]
    },
    {
      "byte": 8,
      "poi": 1706,
      "recovered_key": 1,
      "recovered_key_hex": "01",
      "score": 0.024432918972149848,
      "top1_over_n": [
        45,
        23,
        1,
        35,
        1,
        200,
        45,
        1
      ],
      "margin_over_n": [
        0.0047089325416668215,
        0.012668416480638323,
        0.004814298030587735,
        0.002738362507592962,
        0.004671325144906133,
        0.0010918493553820213,
        0.0006222193287601999,
        0.00523514074986875
      ]
    },
    {
      "byte": 9,
      "poi": 3669,
      "recovered_key": 231,
      "recovered_key_hex": "E7",
      "score": 0.022388022125273598,
      "top1_over_n": [
        148,
        216,
        174,
        85,
        85,
        85,
        35,
        231
      ],
      "margin_over_n": [
        0.007902249931068944,
        0.002137646311532043,
        0.00019039096028684865,
        0.005953123667144566,
        0.003298296830987056,
        0.0035338285352390433,
        0.002727904494477844,
        0.005393583880827321
      ]
    },
    {
      "byte": 10,
      "poi": 1506,
      "recovered_key": 255,
      "recovered_key_hex": "FF",
      "score": 0.022390188907361625,
      "top1_over_n": [
        54,
        54,
        54,
        54,
        255,
        245,
        245,
        255
      ],
      "margin_over_n": [
        0.020899121673063015,
        0.039825635270605286,
        0.03086349996332366,
        0.015926890642725733,
        0.0013446597772515112,
        0.002501991161168747,
        0.007803022461845853,
        0.005519840400850233
      ]
    },
    {
      "byte": 11,
      "poi": 3531,
      "recovered_key": 43,
      "recovered_key_hex": "2B",
      "score": 0.019989166283236378,
      "top1_over_n": [
        241,
        241,
        251,
        241,
        224,
        246,
        188,
        43
      ],
      "margin_over_n": [
        0.03125111003541792,
        0.0008307270939280909,
        0.007049192426157105,
        0.004321721454682653,
        0.0015801071680484752,
        0.0001936465407772342,
        0.0009823032795231515,
        0.0032650806303797172
      ]
    },
    {
      "byte": 12,
      "poi": 1031,
      "recovered_key": 19,
      "recovered_key_hex": "13",
      "score": 0.021852064833905088,
      "top1_over_n": [
        151,
        146,
        169,
        153,
        108,
        108,
        158,
        19
      ],
      "margin_over_n": [
        0.0099111449606753,
        0.002408795878386577,
        0.0013989880259204224,
        0.008711897430716598,
        0.0032242775451650427,
        0.003079831285234161,
        0.003234340764993092,
        0.0040727531113667025
      ]
    },
    {
      "byte": 13,