{
  "npz": "unknown_B_20k_aligned.npz",
  "poi_json": "unknown_B_20k_aligned_fullscan_summary.json",
  "n_list": [
    500,
    1000,
    2000,
    3000,
    5000,
    7000,
    10000,
    20000
  ],
  "recovered_key": [
    167,
    60,
    209,
    94,
    146,
    75,
    248,
    22,
    109,
    224,
    39,
    185,
    65,
    127,
    195,
    138
  ],
  "recovered_key_hex": "A73CD15E924BF8166DE027B9417FC38A",
  "poi_half_window": 0,
  "stable_count_vs_n": [
    1,
    0,
    1,
    1,
    2,
    3,
    6,
    16
  ],
  "median_margin_vs_n": [
    0.008509157292613097,
    0.0024979221360010503,
    0.004958046246984409,
    0.003119657534433471,
    0.0034164048618543566,
    0.003981118409564211,
    0.003045309468720628,
    0.006508729832441228
  ],
  "bytes": [
    {
      "byte": 0,
      "poi": 779,
      "recovered_key": 167,
      "recovered_key_hex": "A7",
      "score": 0.031450706399571524,
      "top1_over_n": [
        237,
        89,
        69,
        12,
        12,
        12,
        167,
        167
      ],
      "margin_over_n": [
        0.0012764743685263202,
        0.00036577552060890195,
        0.005388649281574245,
        0.005863772555997543,
        0.011252392731514287,
        0.005758792798714996,
        0.0030540878776979044,
        0.010629028600235797
      ]
    },
    {
      "byte": 1,
      "poi": 2619,
      "recovered_key": 60,
      "recovered_key_hex": "3C",
      "score": 0.027918500899734095,
      "top1_over_n": [
        237,
        195,
        29,
        124,
        60,
        60,
        60,
        60
      ],
      "margin_over_n": [
        0.008198895593812108,
        0.002579700756154865,
        0.0024456744376076048,
        0.0055655207397176665,
        0.004222842392236831,
        0.009128561183439084,
        0.003036531059743351,
        0.009084053231442159
      ]
    },
    {
      "byte": 2,
      "poi": 1023,
      "recovered_key": 209,
      "recovered_key_hex": "D1",
      "score": 0.03337047446586404,
      "top1_over_n": [
        164,
        103,
        197,
        24,
        103,
        164,
        209,
        209
      ],
      "margin_over_n": [
        0.008819418991414085,
        0.0017300938180292574,
        0.0014758653522566612,
        0.0003920108737793873,
        0.008304272029314358,
        0.005139568451585516,
        0.0036666159836866233,
        0.011370069762481044
      ]
    },
    {
      "byte": 3,
      "poi": 204,
      "recovered_key": 94,
      "recovered_key_hex": "5E",
      "score": 0.02831174468719078,
      "top1_over_n": [
        135,
        135,
        219,
        219,
        61,
        52,
        188,
        94
      ],
      "margin_over_n": [
        0.029270077299731495,
        0.004850639652681191,
        0.001972405920007428,
        0.002772564054671897,
        0.0011310036403733847,
        0.0010412991831774757,
        0.0067907711243886636,
        0.006083174859328504
      ]
    },
    {
      "byte": 4,
      "poi": 2466,
      "recovered_key": 146,
      "recovered_key_hex": "92",
      "score": 0.026608173015760052,
      "top1_over_n": [
        151,
        43,
        123,
        123,
        123,
        123,
        177,
        146
      ],
      "margin_over_n": [
        0.011200864558571041,
        0.009233150533772105,
        0.016873815701621525,
        0.008104013478642397,
        0.009941268343328494,
        0.007942359252319946,
        0.0056724210527949355,
        0.006934284805553952
      ]
    },
    {
      "byte": 5,
      "poi": 1871,
      "recovered_key": 75,
      "recovered_key_hex": "4B",
      "score": 0.02676854555259481,
      "top1_over_n": [
        201,
        242,
        171,
        27,
        143,
        75,
        75,
        75
      ],
      "margin_over_n": [
        0.018212473234515886,
        0.0024161435158472355,
        0.00960899451951848,
        0.00451783933416431,
        0.00460545694514275,
        0.004098209559973608,
        0.0012784445331210682,
        0.004256963466071812
      ]
    },
    {
      "byte": 6,
      "poi": 2746,
      "recovered_key": 248,
      "recovered_key_hex": "F8",
      "score": 0.025337669333584275,
      "top1_over_n": [
        12,
        12,
        5,
        162,
        182,
        134,
        248,
        248
      ],
      "margin_over_n": [
        0.01561059754271342,
        0.00207140949508991,
        0.008576062034024196,
        0.0008265379119780647,
        0.0012238928692603762,
        0.0002597496309570263,
        0.007514998088910912,
        0.003356250086456101
      ]
    },
    {
      "byte": 7,
      "poi": 3274,
      "recovered_key": 22,
      "recovered_key_hex": "16",
      "score": 0.02481615052924024,
      "top1_over_n": [
        70,
        100,
        100,
        100,
        116,
        2,
        2,
        22
      ],
      "margin_over_n": [
        0.009475078907171808,
        0.0015548141805395432,
        0.0022351111957345793,
        0.0027232018165168,
        0.0033259891765507685,
        0.0020284673936636355,
        0.0031920572674422575,
        0.0011927520615844789
      ]
    },
    {
      "byte": 8,
      "poi": 802,
      "recovered_key": 109,
      "recovered_key_hex": "6D",
      "score": 0.02830333242584684,
      "top1_over_n": [
        170,
        131,
        109,
        109,
        109,
        109,
        109,
        109
      ],
      "margin_over_n": [
        0.0033492415312682683,
        0.0023997976743370675,
        0.015905718756583094,
        0.015071658054170184,
        0.0035068205471579447,
        0.008852619034911628,
        0.01373438927609166,
        0.008253816648805971
      ]
    },
    {
      "byte": 9,
      "poi": 2692,
      "recovered_key": 224,
      "recovered_key_hex": "E0",
      "score": 0.022707322398174856,
      "top1_over_n": [
        18,
        18,
        176,
        188,
        188,
        176,
        188,
        224
      ],
      "margin_over_n": [
        0.00201314035263761,
        0.028927960908234185,
        0.0015734544221094188,
        0.02189425654716025,
        0.010632529646616894,
        0.008261148477004147,
        0.002617122205440539,
        0.0040862153751457415
      ]
    },
    {
      "byte": 10,
      "poi": 2208,
      "recovered_key": 39,
      "recovered_key_hex": "27",
      "score": 0.028665022568450715,
      "top1_over_n": [
        191,
        207,
        249,
        5,
        110,
        132,
        132,
        39
      ],
      "margin_over_n": [
        0.001449885444822524,
        0.0009494790324048735,
        5.1997927402146205e-05,
        0.003466751014195045,
        7.502681374545184e-05,
        0.0014072956657165889,
        0.002837329274538832,
        0.005956442035694183
      ]
    },
    {
      "byte": 11,
      "poi": 571,
      "recovered_key": 185,
      "recovered_key_hex": "B9",
      "score": 0.029291018025438174,
      "top1_over_n": [
        95,
        132,
        240,
        240,
        240,
        42,
        54,
        185
      ],
      "margin_over_n": [
        0.0018470631366642176,
        0.0012650134218397807,
        0.00401687302674187,
        0.0006890535668276215,
        0.0001595597623225073,
        0.0038640272591548147,
        0.00015591998096509824,
        0.008417198700278756
      ]
    },
    {
      "byte": 12,
      "poi": 2185,
      "recovered_key": 65,
      "recovered_key_hex": "41",
      "score": 0.027146530071718335,
      "top1_over_n": [
        51,
        51,
        113,
        113,
        113,
        113,
        91,
        65
      ],
      "margin_over_n": [
        0.0008661748393659352,
        0.01058881614648094,
        0.023541914859818935,
        0.0064079344469335844,
        0.00236521664674761,
        0.001015433539066933,
        0.002201812078970685,
        0.006967361994664325
      ]
    },
    {
      "byte": 13,