{
  "train_dataset": "unknown_B_profile10k.npz",
  "test_dataset": "",
  "byte": 3,
  "key": 94,
  "preproc": "center_detrend",
  "window": 120,
  "center": 204,
  "n_train": 8500,
  "n_val": 1500,
  "n_classes": 256,
  "epochs_requested": 20,
  "epochs_run": 7,
  "best_val_acc1": 0.004666666500270367,
  "metrics": {
    "val": {
      "loss": 5.545094966888428,
      "acc1": 0.004666666500270367,
      "acc5": 0.019999999552965164
    }
  }
}