{
  "npz": "unknown_B_attack15k_nokey.npz",
  "poi_json": "unknown_B_calib5k_known_poi_summary.json",
  "n_traces": 15000,
  "n_cal": 7500,
  "n_eval": 7500,
  "poi_half_window": 0,
  "n_var_bytes": 6,
  "topk_per_byte": 8,
  "max_combos": 2000000,
  "n_combos": 262144,
  "uncertain_bytes": [
    5,
    3,
    2,
    15,
    14,
    0
  ],
  "locked_bytes": [
    1,
    4,
    6,
    7,
    8,
    9,
    10,
    11,
    12,
    13
  ],
  "base_key_from_cal_top1_hex": "7CAFFCF9C5E773039D24F5D79A816131",
  "byte_margins_cal": [
    0.0029763700066906054,
    0.017028580286678523,
    0.0013900702032003526,
    0.00047029835629065764,
    0.01961716664747174,
    0.00022689013254663729,
    0.003706292557382064,
    0.0072440448570103635,
    0.004913496886495387,
    0.0033925508295266013,
    0.0047768850990173375,
    0.006755657990753387,
    0.004466509500783783,
    0.006131316207174123,
    0.0029631083413863,
    0.002887461189897817
  ],
  "byte_topk_cal": {
    "b00": [
      124,
      133,
      20,
      104,
      48,
      229,
      22,
      167
    ],
    "b01": [
      175,
      117,
      45,
      224,
      163,
      186,
      156,
      255
    ],
    "b02": [
      252,
      79,
      142,
      89,
      210,
      7,
      165,
      231
    ],
    "b03": [
      249,
      185,
      115,
      6,
      114,
      204,
      76,
      195
    ],
    "b04": [
      197,
      97,
      141,
      86,
      126,
      94,
      65,
      11
    ],
    "b05": [
      231,
      252,
      57,
      178,
      212,
      16,
      21,
      115
    ],
    "b06": [
      115,
      236,
      108,
      159,
      210,
      125,
      151,
      139
    ],
    "b07": [
      3,
      164,
      136,
      54,
      129,
      185,
      10,
      76
    ],
    "b08": [
      157,
      140,
      154,
      136,
      15,
      38,
      0,
      129
    ],
    "b09": [
      36,
      66,
      182,
      249,
      208,
      8,
      150,
      251
    ],
    "b10": [
      245,
      227,
      58,
      115,
      178,
      80,
      210,
      91
    ],
    "b11": [
      215,
      233,
      32,
      37,
      112,
      137,
      197,
      100
    ],
    "b12": [
      154,
      168,
      136,
      149,
      179,
      186,
      252,
      135
    ],
    "b13": [
      129,
      58,
      145,
      163,
      208,
      170,
      243,
      27
    ],
    "b14": [
      97,
      20,
      178,
      126,
      148,
      67,
      95,
      86
    ],
    "b15": [
      49,
      65,
      125,
      173,
      38,
      29,
      140,
      246
    ]
  },
  "top_keys": [
    {
      "rank": 1,
      "score_eval_sum": 0.1796870640827098,
      "key_hex": "85AFFC4CC5FC73039D24F5D79A81148C",
      "key": [
        133,
        175,
        252,
        76,
        197,
        252,
        115,
        3,
        157,
        36,
        245,
        215,
        154,
        129,
        20,
        140
      ]
    },
    {
      "rank": 2,
      "score_eval_sum": 0.17890355236346941,
      "key_hex": "85AFFC4CC5D473039D24F5D79A81148C",
      "key": [
        133,
        175,
        252,
        76,
        197,
        212,
        115,
        3,
        157,
        36,
        245,
        215,
        154,
        129,
        20,
        140
      ]
    },
    {
      "rank": 3,
      "score_eval_sum": 0.17815147719736704,
      "key_hex": "85AFFC4CC5E773039D24F5D79A81148C",
      "key": [
        133,
        175,
        252,
        76,
        197,
        231,
        115,
        3,
        157,
        36,
        245,
        215,
        154,
        129,
        20,
        140
      ]
    },
    {
      "rank": 4,
      "score_eval_sum": 0.17662500422987495,
      "key_hex": "85AFFC4CC5FC73039D24F5D79A8114AD",
      "key": [
        133,
        175,
        252,
        76,
        197,
        252,
        115,
        3,
        157,
        36,
        245,
        215,
        154,
        129,
        20,
        173
      ]
    },
    {
      "rank": 5,
      "score_eval_sum": 0.17610047635008258,
      "key_hex": "85AFFC4CC5FC73039D24F5D79A81618C",
      "key": [
        133,
        175,
        252,
        76,
        197,
        252,
        115,
        3,
        157,
        36,
        245,
        215,
        154,
        129,
        97,
        140
      ]
    },
    {
      "rank": 6,
      "score_eval_sum": 0.17584149251063458,
      "key_hex": "85AFFC4CC5D473039D24F5D79A8114AD",
      "key": [
        133,
        175,
        252,
        76,
        197,
        212,
        115,
        3,
        157,
        36,
        245,
        215,
        154,
        129,
        20,
        173
      ]
    },
    {
      "rank": 7,
      "score_eval_sum": 0.17579016626356295,
      "key_hex": "85AFE74CC5FC73039D24F5D79A81148C",
      "key": [
        133,
        175,
        231,
        76,
        197,
        252,
        115,
        3,
        157,
        36,
        245,
        215,
        154,
        129,
        20,
        140
      ]
    },
    {
      "rank": 8,
      "score_eval_sum": 0.17542379547098938,
      "key_hex": "85AFFC4CC57373039D24F5D79A81148C",
      "key": [
        133,
        175,
        252,
        76,
        197,
        115,
        115,
        3,
        157,
        36,
        245,
        215,
        154,
        129,
        20,
        140
      ]
    },
    {
      "rank": 9,
      "score_eval_sum": 0.1753169646308422,
      "key_hex": "85AFFC4CC5D473039D24F5D79A81618C",
      "key": [
        133,
        175,
        252,
        76,
        197,
        212,
        115,
        3,
        157,
        36,
        245,
        215,
        154,
        129,
        97,
        140
      ]
    },
    {
      "rank": 10,
      "score_eval_sum": 0.1750894173445322,
      "key_hex": "85AFFC4CC5E773039D24F5D79A8114AD",
      "key": [
        133,
        175,
        252,
        76,
        197,
        231,
        115,
        3,
        157,
        36,
        245,
        215,
        154,
        129,
        20,
        173
      ]
    },
    {
      "rank": 11,
      "score_eval_sum": 0.17500665454432257,
      "key_hex": "85AFE74CC5D473039D24F5D79A81148C",
      "key": [
        133,
        175,
        231,
        76,
        197,
        212,
        115,
        3,
        157,
        36,
        245,
        215,
        154,
        129,
        20,
        140
      ]
    },
    {
      "rank": 12,
      "score_eval_sum": 0.17456488946473983,
      "key_hex": "85AFFC4CC5E773039D24F5D79A81618C",
      "key": [
        133,
        175,
        252,
        76,
        197,
        231,
        115,
        3,
        157,
        36,
        245,
        215,
        154,
        129,
        97,
        140
      ]
    },
    {
      "rank": 13,
      "score_eval_sum": 0.17439137767252325,
      "key_hex": "85AFFC4CC5FC73039D24F5D79A81B28C",
      "key": [
        133,
        175,
        252,
        76,
        197,
        252,
        115,
        3,
        157,
        36,
        245,
        215,
        154,
        129,
        178,
        140
      ]
    },
    {
      "rank": 14,
      "score_eval_sum": 0.1742545793782202,
      "key_hex": "85AFE74CC5E773039D24F5D79A81148C",
      "key": [
        133,
        175,
        231,
        76,
        197,
        231,
        115,
        3,
        157,
        36,
        245,
        215,
        154,
        129,
        20,
        140
      ]
    },
    {
      "rank": 15,
      "score_eval_sum": 0.17387620538611206,
      "key_hex": "85AFFC4CC5B273039D24F5D79A81148C",
      "key": [
        133,
        175,
        252,
        76,
        197,
        178,
        115,
        3,
        157,
        36,
        245,
        215,
        154,
        129,
        20,
        140
      ]
    },
    {
      "rank": 16,