{
  "dataset": "dataset_20k_hw.npz",
  "n_total": 19956,
  "n_train": 13970,
  "n_val": 2993,
  "n_test": 2993,
  "n_classes": 9,
  "poi": 200,
  "h1": 256,
  "h2": 128,
  "dropout": 0.1,
  "epochs": 20,
  "batch_size": 256,
  "lr": 0.001,
  "l2": 1e-05,
  "patience": 8,
  "best_val_acc1": 0.2669562312061477,
  "test_acc1": 0.2629468760441029,
  "test_acc5": 0.9241563648513198
}