{
  "dataset": "dataset_20k.npz",
  "n_total": 19956,
  "n_train": 13970,
  "n_val": 2993,
  "n_test": 2993,
  "n_classes": 256,
  "poi": 512,
  "epochs": 100,
  "batch_size": 256,
  "lr": 0.001,
  "l2": 0.0001,
  "best_val_acc1": 0.005679919812896759,
  "test_acc1": 0.0036752422318743734,
  "test_acc5": 0.024390243902439025
}