{
  "npz": "rsa_spa_20k_al.npz",
  "trace_key": "traces",
  "n_traces_used": 20000,
  "window": {
    "start": 1556,
    "end": 1868,
    "len": 312
  },
  "bitlen": 23,
  "threshold": 0.439465068450271,
  "features": [
    -0.14142721560101457,
    -0.19108991398679875,
    0.9534227941394562,
    0.15676746375251183,
    0.6340165518416487,
    2.3712294459007364,
    -0.9723962461838731,
    -0.10603156755412613,
    0.24374377204401387,
    0.5791733042125369,
    -0.1687656847156891,
    -0.1918496681523587,
    -0.2133428617088784,
    -0.07146114142296334,
    -1.8423997371633751,
    1.8034641267237728,
    -0.5110457485945759,
    -0.004260499660181161,
    -0.8881148332895918,
    -0.004942270187758835,
    -0.37651487384499727,
    0.7875232936307264,
    0.026593056973717832
  ],
  "bits_msb_to_lsb": "10101100010000010000010",
  "d_est_int": 5644418,
  "d_est_hex": "0x562082"
}