{
  "npz": "unknown_B_20k_aligned.npz",
  "poi_json": "unknown_win_50_1200_summary.json",
  "n_list": [
    500,
    1000,
    2000,
    3000,
    5000,
    7000,
    10000,
    20000
  ],
  "recovered_key": [
    218,
    225,
    155,
    171,
    20,
    6,
    188,
    228,
    77,
    34,
    168,
    166,
    229,
    108,
    12,
    60
  ],
  "recovered_key_hex": "DAE19BAB1406BCE44D22A8A6E56C0C3C",
  "poi_half_window": 0,
  "stable_count_vs_n": [
    0,
    0,
    0,
    1,
    0,
    0,
    0,
    16
  ],
  "median_margin_vs_n": [
    0.011250237197860675,
    0.00262753925063941,
    0.00603694557306661,
    0.006314857765422455,
    0.005392315189877803,
    0.0026089052229252823,
    0.002762842703634232,
    0.000981152453341596
  ],
  "bytes": [
    {
      "byte": 0,
      "poi": 877,
      "recovered_key": 218,
      "recovered_key_hex": "DA",
      "score": 0.021132463916872547,
      "top1_over_n": [
        189,
        179,
        244,
        62,
        219,
        109,
        196,
        218
      ],
      "margin_over_n": [
        0.004612544753733239,
        0.0019956780836030696,
        0.002472270284694003,
        0.004326807626175738,
        0.0015747784075711875,
        0.0028585003968001794,
        0.002839580026696903,
        0.004692634129524663
      ]
    },
    {
      "byte": 1,
      "poi": 369,
      "recovered_key": 225,
      "recovered_key_hex": "E1",
      "score": 0.025162365047813787,
      "top1_over_n": [
        247,
        38,
        203,
        90,
        244,
        244,
        244,
        225
      ],
      "margin_over_n": [
        0.02859548221713179,
        0.0004316804329618923,
        0.012688680004519809,
        0.002259149353201498,
        0.011373605138528017,
        0.007952660444285574,
        0.006902661819177071,
        3.4797835916963726e-05
      ]
    },
    {
      "byte": 2,
      "poi": 651,
      "recovered_key": 155,
      "recovered_key_hex": "9B",
      "score": 0.01993866710861844,
      "top1_over_n": [
        214,
        61,
        26,
        136,
        13,
        13,
        13,
        155
      ],
      "margin_over_n": [
        0.01545853324483662,
        0.012726729051649413,
        0.011417478402062475,
        0.012113772539280969,
        0.0031633164147431767,
        2.3187922744069556e-06,
        0.0019295877780564907,
        0.0020688594018326255
      ]
    },
    {
      "byte": 3,
      "poi": 930,
      "recovered_key": 171,
      "recovered_key_hex": "AB",
      "score": 0.0223600222111064,
      "top1_over_n": [
        180,
        100,
        25,
        19,
        89,
        238,
        136,
        171
      ],
      "margin_over_n": [
        0.0037614567423888134,
        0.0032594004176757507,
        0.0007315384378393103,
        0.00690096222140902,
        0.0006640936269009454,
        0.0029673706121030527,
        0.004352541026585558,
        0.0023542729864710135
      ]
    },
    {
      "byte": 4,
      "poi": 245,
      "recovered_key": 20,
      "recovered_key_hex": "14",
      "score": 0.021044321608587286,
      "top1_over_n": [
        32,
        32,
        111,
        183,
        38,
        38,
        131,
        20
      ],
      "margin_over_n": [
        0.01014017766679394,
        0.0017716476247123109,
        0.010568191738869463,
        0.0005748410437087931,
        0.000675955738162079,
        0.002359310049050385,
        0.0014013401993939606,
        0.0011967308894747508
      ]
    },
    {
      "byte": 5,
      "poi": 889,
      "recovered_key": 6,
      "recovered_key_hex": "06",
      "score": 0.022359422960453536,
      "top1_over_n": [
        120,
        120,
        67,
        228,
        54,
        54,
        187,
        6
      ],
      "margin_over_n": [
        0.04537066308623365,
        0.0036331173079827417,
        0.00358620741852865,
        0.00572875330943589,
        0.00588513614895754,
        0.001893500568240277,
        0.0010138405010901574,
        0.004525668503844043
      ]
    },
    {
      "byte": 6,
      "poi": 1073,
      "recovered_key": 188,
      "recovered_key_hex": "BC",
      "score": 0.01974092970089459,
      "top1_over_n": [
        168,
        175,
        84,
        84,
        94,
        249,
        249,
        188
      ],
      "margin_over_n": [
        0.012360296728927411,
        0.007268609667266418,
        4.117705470568778e-06,
        6.117944182346124e-05,
        0.008910707697085476,
        0.0009792921599174123,
        0.010425283389204502,
        0.0011285059540784466
      ]
    },
    {
      "byte": 7,
      "poi": 703,
      "recovered_key": 228,
      "recovered_key_hex": "E4",
      "score": 0.021506225751641093,
      "top1_over_n": [
        38,
        245,
        66,
        32,
        32,
        253,
        253,
        228
      ],
      "margin_over_n": [
        0.003123227359608835,
        0.000532594619709087,
        0.005621283016560223,
        0.004733622818201909,
        0.008600620863303217,
        0.0013655495968416323,
        0.0016804888215551858,
        0.00023862240776981528
      ]
    },
    {
      "byte": 8,
      "poi": 1097,
      "recovered_key": 77,
      "recovered_key_hex": "4D",
      "score": 0.018313151348428747,
      "top1_over_n": [
        180,
        254,
        25,
        25,
        181,
        36,
        229,
        77
      ],
      "margin_over_n": [
        0.014372471201412468,
        0.0005070557663462982,
        0.006452608129572997,
        0.00876292943407269,
        0.0015545905874638638,
        0.002300624487851677,
        0.0008067101865363996,
        8.587059688043575e-05
      ]
    },
    {
      "byte": 9,
      "poi": 367,
      "recovered_key": 34,
      "recovered_key_hex": "22",
      "score": 0.021815565045933075,
      "top1_over_n": [
        85,
        200,
        157,
        157,
        157,
        1,
        229,
        34
      ],
      "margin_over_n": [
        0.0019131454087588928,
        0.018196664810926688,
        0.016649787910233124,
        0.016436759736404676,
        0.016477568411686273,
        0.0011903638493208357,
        0.0026861053805715615,
        0.0008337989526047453
      ]
    },
    {
      "byte": 10,
      "poi": 328,
      "recovered_key": 168,
      "recovered_key_hex": "A8",
      "score": 0.024315830493523517,
      "top1_over_n": [
        243,
        176,
        218,
        230,
        105,
        105,
        230,
        168
      ],
      "margin_over_n": [
        0.035952122696991384,
        0.018478645276590364,
        0.0014760459782377292,
        0.0050811276483043386,
        0.006524889802857495,
        0.005621772013220873,
        0.0004262784252436272,
        0.005120709106782105
      ]
    },
    {
      "byte": 11,
      "poi": 846,
      "recovered_key": 166,
      "recovered_key_hex": "A6",
      "score": 0.017785420693660164,
      "top1_over_n": [
        142,
        202,
        223,
        147,
        147,
        147,
        147,
        166
      ],
      "margin_over_n": [
        0.00797418398152036,
        0.0010360613700824556,
        0.007722739698528658,
        0.017340078299532505,
        0.018273998388739686,
        0.014870785101963026,
        0.0025939319536618446,
        0.0001956125291371555
      ]
    },
    {
      "byte": 12,
      "poi": 349,
      "recovered_key": 229,
      "recovered_key_hex": "E5",
      "score": 0.02427962443242884,
      "top1_over_n": [
        209,
        209,
        209,
        209,
        32,
        32,
        116,
        229
      ],
      "margin_over_n": [
        0.06518029364685526,
        0.0011974148872557766,
        0.0025037008969189117,
        0.014677516575397079,
        0.0024117849925406956,
        0.0008407502242004442,
        0.005569122505964044,
        0.0054507749061497544
      ]
    },
    {
      "byte": 13,
      "poi": 1014,