{
  "npz": "unknown_B_attack18k_nokey.npz",
  "poi_json": "unknown_B_calib2k_blindpoi_fast_summary.json",
  "n_list": [
    500,
    1000,
    2000,
    3000,
    5000,
    7000,
    10000,
    18000
  ],
  "recovered_key": [
    166,
    73,
    80,
    67,
    126,
    91,
    6,
    178,
    58,
    176,
    0,
    236,
    126,
    143,
    248,
    164
  ],
  "recovered_key_hex": "A64950437E5B06B23AB000EC7E8FF8A4",
  "poi_half_window": 0,
  "stable_count_vs_n": [
    0,
    0,
    0,
    0,
    0,
    1,
    2,
    16
  ],
  "median_margin_vs_n": [
    0.010889983317270258,
    0.00604775438919164,
    0.0029510291595734248,
    0.0031978096906164384,
    0.0025786940390371133,
    0.00435662068783187,
    0.0013628561898309435,
    0.0009966832498276013
  ],
  "bytes": [
    {
      "byte": 0,
      "poi": 592,
      "recovered_key": 166,
      "recovered_key_hex": "A6",
      "score": 0.016031108521081968,
      "top1_over_n": [
        23,
        23,
        29,
        23,
        115,
        148,
        69,
        166
      ],
      "margin_over_n": [
        0.006447538733109687,
        0.015301399397900262,
        0.0035083175636114877,
        0.0013921409413248237,
        0.0011283996692415463,
        0.0006549469740089534,
        0.0020834163953711536,
        0.000416805578809739
      ]
    },
    {
      "byte": 1,
      "poi": 796,
      "recovered_key": 73,
      "recovered_key_hex": "49",
      "score": 0.022710617131359006,
      "top1_over_n": [
        112,
        157,
        55,
        112,
        198,
        118,
        118,
        73
      ],
      "margin_over_n": [
        0.01210812912107398,
        0.00041755550989241996,
        0.0002624512296056161,
        0.0009123396731175043,
        0.006343426261875132,
        0.0019323643227073597,
        0.0013797436223335381,
        0.0022655943812579828
      ]
    },
    {
      "byte": 2,
      "poi": 46,
      "recovered_key": 80,
      "recovered_key_hex": "50",
      "score": 0.021207888393267357,
      "top1_over_n": [
        224,
        224,
        224,
        224,
        224,
        224,
        172,
        80
      ],
      "margin_over_n": [
        0.005818506877931451,
        0.023061978469747613,
        0.007982116689611761,
        0.017064251454357547,
        0.003969946462326755,
        0.0037229970899072262,
        0.0003813352289970644,
        0.0012769269159967137
      ]
    },
    {
      "byte": 3,
      "poi": 1566,
      "recovered_key": 67,
      "recovered_key_hex": "43",
      "score": 0.01869109063014591,
      "top1_over_n": [
        218,
        115,
        115,
        36,
        233,
        115,
        178,
        67
      ],
      "margin_over_n": [
        0.00853803575461827,
        0.005829462788299808,
        0.005667625781982266,
        0.004131391025105027,
        0.003051082282646285,
        0.005887811435613663,
        0.0009708303279333183,
        0.00156997288280529
      ]
    },
    {
      "byte": 4,
      "poi": 1248,
      "recovered_key": 126,
      "recovered_key_hex": "7E",
      "score": 0.02234803815817079,
      "top1_over_n": [
        3,
        90,
        220,
        37,
        37,
        37,
        126,
        126
      ],
      "margin_over_n": [
        0.025764483214621686,
        0.0024493513644748416,
        0.0015320437041048962,
        0.0061097189248089726,
        0.004713538656436034,
        0.004357118210419675,
        0.003391340778996714,
        0.003099736957268364
      ]
    },
    {
      "byte": 5,
      "poi": 1114,
      "recovered_key": 91,
      "recovered_key_hex": "5B",
      "score": 0.02129875396307542,
      "top1_over_n": [
        166,
        63,
        168,
        166,
        166,
        174,
        174,
        91
      ],
      "margin_over_n": [
        0.0008299459017474253,
        0.009665214794851093,
        0.0006418170122771683,
        0.007586518105214039,
        0.011023743720156437,
        0.004356123165244065,
        0.0012966108636995564,
        2.9445813429916645e-05
      ]
    },
    {
      "byte": 6,
      "poi": 1699,
      "recovered_key": 6,
      "recovered_key_hex": "06",
      "score": 0.01928729080227115,
      "top1_over_n": [
        89,
        63,
        254,
        218,
        50,
        212,
        212,
        6
      ],
      "margin_over_n": [
        0.028675628900932504,
        0.0016870864200849295,
        0.00024871037963280357,
        0.001950597136489804,
        0.000570899917598941,
        0.006149064057155464,
        0.006318268532237679,
        0.0010753726213531337
      ]
    },
    {
      "byte": 7,
      "poi": 760,
      "recovered_key": 178,
      "recovered_key_hex": "B2",
      "score": 0.019084542008388158,
      "top1_over_n": [
        231,
        99,
        19,
        252,
        19,
        19,
        197,
        178
      ],
      "margin_over_n": [
        0.007293745572909377,
        0.005293668270813207,
        0.010870998196363044,
        0.004055317445961111,
        0.004392917362006747,
        0.00830616008149132,
        4.318062107133355e-05,
        0.00046509823956878554
      ]
    },
    {
      "byte": 8,
      "poi": 1679,
      "recovered_key": 58,
      "recovered_key_hex": "3A",
      "score": 0.02085679605942595,
      "top1_over_n": [
        45,
        131,
        89,
        89,
        26,
        153,
        130,
        58
      ],
      "margin_over_n": [
        0.0038614441932900423,
        0.0006322674591339728,
        0.0017380880243199476,
        0.002059743784426228,
        0.00432063816466173,
        0.0019791425409764543,
        0.004050423511995773,
        0.00036087694922614863
      ]
    },
    {
      "byte": 9,
      "poi": 715,
      "recovered_key": 176,
      "recovered_key_hex": "B0",
      "score": 0.02552278157204533,
      "top1_over_n": [
        188,
        200,
        200,
        118,
        118,
        47,
        47,
        176
      ],
      "margin_over_n": [
        0.009671837513466536,
        0.010451485169929983,
        0.012651482057358915,
        0.0007136360466710526,
        0.00043350708663141,
        0.003215574943224178,
        0.0010083301743516147,
        0.005609177968096932
      ]
    },
    {
      "byte": 10,
      "poi": 541,
      "recovered_key": 0,
      "recovered_key_hex": "00",
      "score": 0.02683360023921558,
      "top1_over_n": [
        118,
        190,
        190,
        117,
        117,
        52,
        0,
        0
      ],
      "margin_over_n": [
        0.017918844730495626,
        0.008025129755694374,
        0.012535310899957852,
        0.0023403019352717658,
        0.0036765793398219546,
        0.001291103052215442,
        0.00533573963116684,
        0.0003227332115581828
      ]
    },
    {
      "byte": 11,
      "poi": 1068,
      "recovered_key": 236,
      "recovered_key_hex": "EC",
      "score": 0.020678981038961604,
      "top1_over_n": [
        94,
        223,
        10,
        10,
        35,
        142,
        101,
        236
      ],
      "margin_over_n": [
        0.021552744501539253,
        0.006266045990083471,
        0.002393740755535362,
        0.012120018082295465,
        0.0007812671308326871,
        0.004795516563623408,
        0.0003302445998468427,
        0.00046002725568634883
      ]
    },
    {
      "byte": 12,
      "poi": 1639,
      "recovered_key": 126,
      "recovered_key_hex": "7E",
      "score": 0.01993325470159693,
      "top1_over_n": [
        102,
        89,
        89,
        175,
        233,
        168,
        234,
        126
      ],
      "margin_over_n": [
        0.02373849602926606,
        0.009216085879547836,
        0.009279021124939384,
        0.00018006174927358287,
        8.602459710353727e-05,
        0.007881722424897795,
        0.0013459687573283488,
        0.0009179938783020689
      ]
    },
    {
      "byte": 13,