{
  "npz": "unknown_onebyte_20k.npz",
  "poi_json": "sanity_known_5k_summary.json",
  "n_list": [
    500,
    1000,
    2000,
    3000,
    5000,
    7000,
    10000,
    12000,
    15000,
    18000,
    20000
  ],
  "recovered_key": [
    221,
    226,
    244,
    112,
    182,
    127,
    110,
    222,
    210,
    192,
    79,
    52,
    126,
    18,
    248,
    7
  ],
  "recovered_key_hex": "DDE2F470B67F6EDED2C04F347E12F807",
  "stable_count_vs_n": [
    0,
    0,
    0,
    0,
    0,
    0,
    1,
    3,
    5,
    9,
    16
  ],
  "median_margin_vs_n": [
    0.014765992307376241,
    0.005315858720511206,
    0.003806278564269912,
    0.0039955146095053615,
    0.002146820058788995,
    0.0020546974727085644,
    0.0015611908854950216,
    0.0015626387346254367,
    0.0028802976597569196,
    0.0015950203033960261,
    0.0020126274110344056
  ],
  "bytes": [
    {
      "byte": 0,
      "poi": 483,
      "recovered_key": 221,
      "recovered_key_hex": "DD",
      "score": 0.022186658998340637,
      "top1_over_n": [
        121,
        12,
        224,
        168,
        19,
        19,
        168,
        168,
        19,
        168,
        221
      ],
      "margin_over_n": [
        0.0012114830322385306,
        0.015663816732822217,
        0.005568790802378272,
        0.001150876000084386,
        0.0012385470739350452,
        0.0023480170981242665,
        0.0017199782445347783,
        0.001570602030100076,
        0.001423392264750252,
        0.0017335769312839255,
        0.003322418120412028
      ]
    },
    {
      "byte": 1,
      "poi": 3243,
      "recovered_key": 226,
      "recovered_key_hex": "E2",
      "score": 0.019084631268760952,
      "top1_over_n": [
        82,
        43,
        149,
        149,
        149,
        149,
        226,
        226,
        226,
        226,
        226
      ],
      "margin_over_n": [
        0.01750817839686479,
        0.005352054314818638,
        0.00895865797107468,
        0.00495790725136596,
        0.0027545422361130445,
        1.4296080580868814e-05,
        0.005815210034918979,
        0.007912538389355635,
        0.0032716693635251107,
        0.005300723072982939,
        0.0032227425349156714
      ]
    },
    {
      "byte": 2,
      "poi": 160,
      "recovered_key": 244,
      "recovered_key_hex": "F4",
      "score": 0.021424732233372587,
      "top1_over_n": [
        229,
        211,
        140,
        120,
        235,
        235,
        232,
        232,
        120,
        244,
        244
      ],
      "margin_over_n": [
        0.01125613698886005,
        0.00504653243283304,
        0.002649392385716244,
        0.0021440122928402597,
        0.002581433525577048,
        0.0011729650135864252,
        0.002362413309329972,
        0.0013226021200898191,
        0.0011638062348491053,
        0.0008001802329058068,
        0.0012347852299706766
      ]
    },
    {
      "byte": 3,
      "poi": 1088,
      "recovered_key": 112,
      "recovered_key_hex": "70",
      "score": 0.021209399838209225,
      "top1_over_n": [
        237,
        126,
        0,
        108,
        201,
        154,
        57,
        112,
        208,
        154,
        112
      ],
      "margin_over_n": [
        0.03688136372030887,
        0.002409054627898796,
        0.00810970370634994,
        0.0019416506246635185,
        0.0009421472362072317,
        0.0025981146530998436,
        0.0008687379482368342,
        0.000921462640139939,
        0.004168253825408339,
        0.00020966586715898128,
        2.6956549742856994e-05
      ]
    },
    {
      "byte": 4,
      "poi": 3884,
      "recovered_key": 182,
      "recovered_key_hex": "B6",
      "score": 0.018952215466649307,
      "top1_over_n": [
        251,
        109,
        109,
        215,
        169,
        169,
        169,
        38,
        182,
        165,
        182
      ],
      "margin_over_n": [
        0.005424469216682909,
        0.06526863473464307,
        0.003921457819785118,
        0.004651174619248487,
        0.018039433480089656,
        0.009036956545568006,
        0.0011443268399311327,
        0.0010378269165045098,
        0.0006318414079791064,
        0.001734525814830027,
        0.0003579935061037119
      ]
    },
    {
      "byte": 5,
      "poi": 3284,
      "recovered_key": 127,
      "recovered_key_hex": "7F",
      "score": 0.019082408512186247,
      "top1_over_n": [
        99,
        137,
        93,
        93,
        42,
        182,
        182,
        182,
        182,
        127,
        127
      ],
      "margin_over_n": [
        0.030371946809528205,
        0.0005719559056091839,
        0.0025757988138956564,
        0.0014391391375888768,
        0.00560971546395455,
        0.008439015629257834,
        0.0038186139942895207,
        0.0042951836979577135,
        0.0010445152350112667,
        0.0008422080282593988,
        0.000395910864481739
      ]
    },
    {
      "byte": 6,
      "poi": 3624,
      "recovered_key": 110,
      "recovered_key_hex": "6E",
      "score": 0.017869791370779507,
      "top1_over_n": [
        130,
        130,
        9,
        170,
        188,
        188,
        185,
        119,
        185,
        110,
        110
      ],
      "margin_over_n": [
        0.07187143456069219,
        0.011379477365228013,
        0.00022911453258577658,
        0.003197011328389822,
        0.000514824036907148,
        0.0026174297028114767,
        0.000331601104131711,
        0.0009065813543807436,
        0.0010491855863800047,
        0.0038460047608407377,
        0.0009084397145445212
      ]
    },
    {
      "byte": 7,
      "poi": 3546,
      "recovered_key": 222,
      "recovered_key_hex": "DE",
      "score": 0.026431225908812327,
      "top1_over_n": [
        35,
        35,
        12,
        12,
        99,
        12,
        93,
        93,
        79,
        222,
        222
      ],
      "margin_over_n": [
        0.018852158904885757,
        0.0016158810087443243,
        0.002084274904027905,
        0.021740539444486617,
        0.0029167693980871948,
        0.002544513601481592,
        0.002832482373362054,
        0.002586032874135863,
        0.0013200399942893647,
        3.659130536003141e-05,
        0.003160152551513723
      ]
    },
    {
      "byte": 8,
      "poi": 3078,
      "recovered_key": 210,
      "recovered_key_hex": "D2",
      "score": 0.024738346134963212,
      "top1_over_n": [
        82,
        159,
        212,
        212,
        132,
        191,
        88,
        210,
        210,
        210,
        210
      ],
      "margin_over_n": [
        0.010811845940790127,
        0.0052796631262037735,
        0.0035709997326165976,
        0.005654153104080711,
        0.0017122065920009422,
        0.0012367982614208926,
        0.0003890180588015414,
        0.0004998243300745435,
        0.0050022471614287745,
        0.003979770922325064,
        0.003372920216254245
      ]
    },
    {
      "byte": 9,
      "poi": 54,
      "recovered_key": 192,
      "recovered_key_hex": "C0",
      "score": 0.02011253866121367,
      "top1_over_n": [
        222,
        22,
        251,
        85,
        35,
        85,
        50,
        50,
        109,
        95,
        192
      ],
      "margin_over_n": [
        0.016315473815215115,
        0.0018046355789645557,
        0.00965018964638558,
        0.00826573342808401,
        0.0013853510917062259,
        0.004555699953150548,
        0.004715558906314386,
        0.0020190433084933367,
        0.004070294304510513,
        0.0004631557608840327,
        0.0027904695920981347
      ]
    },
    {
      "byte": 10,
      "poi": 333,
      "recovered_key": 79,
      "recovered_key_hex": "4F",
      "score": 0.02038751318168153,