{
  "npz": "unknown_clean_20k_sig.npz",
  "poi_json": "known_clean_5k_sig_summary.json",
  "n_list": [
    500,
    1000,
    2000,
    3000,
    5000,
    7000,
    10000,
    12000,
    15000,
    17598
  ],
  "recovered_key": [
    170,
    4,
    193,
    251,
    122,
    50,
    107,
    10,
    172,
    151,
    74,
    77,
    42,
    24,
    63,
    79
  ],
  "recovered_key_hex": "AA04C1FB7A326B0AAC974A4D2A183F4F",
  "stable_count_vs_n": [
    0,
    0,
    0,
    2,
    2,
    2,
    3,
    8,
    7,
    16
  ],
  "median_margin_vs_n": [
    0.008774548030144616,
    0.007004905391918802,
    0.006022781546662026,
    0.006163310792395224,
    0.004480295635654736,
    0.0031511835631388846,
    0.002256695596295882,
    0.0023979071284970337,
    0.0017202410306712407,
    0.00085468351244577
  ],
  "bytes": [
    {
      "byte": 0,
      "poi": 246,
      "recovered_key": 170,
      "recovered_key_hex": "AA",
      "score": 0.026026713594996816,
      "top1_over_n": [
        78,
        222,
        76,
        237,
        216,
        31,
        138,
        138,
        170,
        170
      ],
      "margin_over_n": [
        0.016757909192710266,
        0.00026300327419170877,
        0.005030456289216813,
        0.0029569411485671562,
        0.009627518735295729,
        0.0010612244010162128,
        0.002576988404620416,
        0.0009000647310929803,
        0.0007006340709138914,
        0.0030560341561082748
      ]
    },
    {
      "byte": 1,
      "poi": 3740,
      "recovered_key": 4,
      "recovered_key_hex": "04",
      "score": 0.022109484306570837,
      "top1_over_n": [
        150,
        13,
        191,
        191,
        212,
        108,
        192,
        192,
        108,
        4
      ],
      "margin_over_n": [
        0.0014175495091358625,
        0.017825310099546063,
        0.01530037834255249,
        0.01551845836021809,
        0.00822728989082381,
        0.00461016819721333,
        0.0015011181004904936,
        0.001210393705152451,
        0.0008433917509607786,
        0.001845900586573631
      ]
    },
    {
      "byte": 2,
      "poi": 316,
      "recovered_key": 193,
      "recovered_key_hex": "C1",
      "score": 0.019802399013221214,
      "top1_over_n": [
        231,
        134,
        37,
        255,
        106,
        85,
        220,
        193,
        193,
        193
      ],
      "margin_over_n": [
        0.020727855693950706,
        0.007582554430449209,
        0.02280265686722776,
        0.00615096773476595,
        0.0002650259844238431,
        0.0005180512942390136,
        0.0027593773562348753,
        0.001750037266328372,
        0.003478705055505304,
        0.0006174404328005978
      ]
    },
    {
      "byte": 3,
      "poi": 2051,
      "recovered_key": 251,
      "recovered_key_hex": "FB",
      "score": 0.017502256159810478,
      "top1_over_n": [
        214,
        43,
        10,
        17,
        50,
        24,
        41,
        41,
        13,
        251
      ],
      "margin_over_n": [
        0.003292046728403053,
        0.013353219473688158,
        0.001075307441578674,
        0.008360701151965098,
        0.0044836764117533595,
        0.006990477724108227,
        0.004437085229949327,
        0.004004993364733089,
        4.402004900290121e-05,
        8.834127719008211e-06
      ]
    },
    {
      "byte": 4,
      "poi": 3707,
      "recovered_key": 122,
      "recovered_key_hex": "7A",
      "score": 0.02509703466015424,
      "top1_over_n": [
        91,
        91,
        51,
        51,
        59,
        30,
        30,
        122,
        122,
        122
      ],
      "margin_over_n": [
        0.011121579295005568,
        0.0016521774834911962,
        0.0011695579436140913,
        0.001488639058884092,
        0.006461500091217709,
        0.004639878800533695,
        0.0007006644185615467,
        0.0030369619386734006,
        0.0026238359929646737,
        0.0012496898627556985
      ]
    },
    {
      "byte": 5,
      "poi": 1903,
      "recovered_key": 50,
      "recovered_key_hex": "32",
      "score": 0.0236887983359233,
      "top1_over_n": [
        28,
        210,
        210,
        50,
        235,
        235,
        138,
        50,
        50,
        50
      ],
      "margin_over_n": [
        0.012667910437520052,
        0.021783778400365772,
        0.013600354936103044,
        0.011891824811982324,
        0.004476914859556112,
        0.003200140097280993,
        0.0023756387685210517,
        0.0027302780900012,
        0.001815871471832535,
        4.516932136097718e-05
      ]
    },
    {
      "byte": 6,
      "poi": 873,
      "recovered_key": 107,
      "recovered_key_hex": "6B",
      "score": 0.021369560464654627,
      "top1_over_n": [
        19,
        20,
        19,
        19,
        146,
        75,
        146,
        146,
        26,
        107
      ],
      "margin_over_n": [
        0.0013243056125123442,
        0.0029133614798950574,
        0.00034747038826778154,
        0.001530777496687341,
        0.00661513157502891,
        0.005039745971770718,
        0.0018339843082344556,
        0.008710968136867368,
        0.0014597636448235966,
        0.0009881759782679328
      ]
    },
    {
      "byte": 7,
      "poi": 800,
      "recovered_key": 10,
      "recovered_key_hex": "0A",
      "score": 0.022961963601268186,
      "top1_over_n": [
        165,
        220,
        16,
        52,
        52,
        252,
        205,
        252,
        116,
        10
      ],
      "margin_over_n": [
        0.002844348404517416,
        0.006427256353388394,
        0.007015106804107239,
        0.002799425452049878,
        0.004720965865769131,
        0.0031022270289967763,
        0.0005864824863674317,
        0.002065536166992867,
        0.00397469636590032,
        0.00013818812024004104
      ]
    },
    {
      "byte": 8,
      "poi": 2276,
      "recovered_key": 172,
      "recovered_key_hex": "AC",
      "score": 0.02025758962642081,
      "top1_over_n": [
        121,
        205,
        252,
        76,
        172,
        172,
        172,
        172,
        172,
        172
      ],
      "margin_over_n": [
        0.01707861011683645,
        0.014136505777202324,
        6.094408686629221e-05,
        0.011725528504704208,
        0.0021493496002492965,
        0.00489357957563074,
        0.012336384917050268,
        0.010415356401382185,
        0.002605325463206541,
        0.0004895648043971058
      ]
    },
    {
      "byte": 9,
      "poi": 1300,
      "recovered_key": 151,
      "recovered_key_hex": "97",
      "score": 0.02380926219418893,
      "top1_over_n": [
        88,
        54,
        249,
        151,
        151,
        151,
        151,
        151,
        199,
        151
      ],
      "margin_over_n": [
        0.006427516765283664,
        0.020825070802138662,
        0.0035538088891680156,
        0.02131421230044872,
        0.006208398987473537,
        0.0052233030237202605,
        0.004929821028835168,
        0.003855372869573645,
        0.000662475122624899,
        0.002458558233552576
      ]
    },
    {
      "byte": 10,
      "poi": 3184,
      "recovered_key": 74,
      "recovered_key_hex": "4A",
      "score": 0.01909963273633893,
      "top1_over_n": [
        216,
        224,
        18,
        224,
        224,
        224,
        165,
        74,
        74,
        74
      ],
      "margin_over_n": [
        0.014000812370318819,
        0.0006833178703458953,
        0.009016224565170011,
        0.0018143682948516815,
        0.0010128433976993104,
        2.1697708067310723e-05,
        0.0008732407513697797,
        0.003068850603443144,
        0.0016246105895099464,
        0.000622314338806499
      ]
    },
    {
      "byte": 11,
      "poi": 3655,
      "recovered_key": 77,
      "recovered_key_hex": "4D",
      "score": 0.02147341800515026,