{
  "npz": "aes_unknown_20k.npz",
  "poi_json": "sanity_known_5k_summary.json",
  "n_list": [
    500,
    1000,
    2000,
    3000,
    5000,
    7000,
    10000,
    12000,
    15000,
    18000,
    20000
  ],
  "recovered_key": [
    212,
    60,
    9,
    41,
    110,
    187,
    151,
    93,
    124,
    157,
    249,
    34,
    65,
    241,
    214,
    17
  ],
  "recovered_key_hex": "D43C09296EBB975D7C9DF92241F1D611",
  "stable_count_vs_n": [
    0,
    0,
    0,
    0,
    1,
    2,
    4,
    4,
    5,
    6,
    16
  ],
  "median_margin_vs_n": [
    0.010434058810043223,
    0.006496260280422196,
    0.006566794089516232,
    0.007197631280843001,
    0.005232774532278824,
    0.004497231512442568,
    0.0043050877146139106,
    0.001369080616738549,
    0.0019072851830679617,
    0.0009617599584577276,
    0.001575712161106425
  ],
  "bytes": [
    {
      "byte": 0,
      "poi": 483,
      "recovered_key": 212,
      "recovered_key_hex": "D4",
      "score": 0.030951978150092582,
      "top1_over_n": [
        197,
        197,
        149,
        244,
        212,
        212,
        212,
        212,
        212,
        212,
        212
      ],
      "margin_over_n": [
        0.012314166237162902,
        0.010112877495572908,
        0.00019852362569006132,
        0.006178810915236331,
        0.011520766087628642,
        0.007862227603652565,
        0.013533683134088224,
        0.002250396761766367,
        0.0026036077911271265,
        0.007497820759285498,
        0.008775059129050841
      ]
    },
    {
      "byte": 1,
      "poi": 3243,
      "recovered_key": 60,
      "recovered_key_hex": "3C",
      "score": 0.022950089042124925,
      "top1_over_n": [
        125,
        203,
        203,
        203,
        203,
        60,
        60,
        60,
        203,
        60,
        60
      ],
      "margin_over_n": [
        0.014517844069664818,
        0.022414065927788135,
        0.007432160839825612,
        0.010988725456021663,
        0.005914832898265256,
        0.0037614670718067733,
        0.005834736505890552,
        0.0004956737573495532,
        0.00023445000326302937,
        0.0009925503756443854,
        0.0005427632937770183
      ]
    },
    {
      "byte": 2,
      "poi": 160,
      "recovered_key": 9,
      "recovered_key_hex": "09",
      "score": 0.016398460058779044,
      "top1_over_n": [
        123,
        63,
        205,
        192,
        243,
        3,
        213,
        213,
        213,
        18,
        9
      ],
      "margin_over_n": [
        0.012789199800383552,
        0.0005309433285127507,
        0.00492755243059563,
        0.007128707153032612,
        0.004194286129990912,
        0.0008820920271870036,
        0.004657445340177688,
        0.0027421245683180336,
        0.006142799997270094,
        0.00037256638469878797,
        0.00014902507773025334
      ]
    },
    {
      "byte": 3,
      "poi": 1088,
      "recovered_key": 41,
      "recovered_key_hex": "29",
      "score": 0.020062488562433155,
      "top1_over_n": [
        87,
        82,
        191,
        191,
        191,
        225,
        225,
        225,
        38,
        122,
        41
      ],
      "margin_over_n": [
        0.0001344906205902885,
        0.005983832067830014,
        0.005701427339206852,
        0.00726655540865339,
        0.0031177639802221005,
        0.0067961467595756,
        0.007140267092506137,
        0.0010366894986642006,
        0.00025193336693443355,
        0.002544063637978971,
        0.000347281256762616
      ]
    },
    {
      "byte": 4,
      "poi": 3884,
      "recovered_key": 110,
      "recovered_key_hex": "6E",
      "score": 0.018966068965649698,
      "top1_over_n": [
        85,
        74,
        74,
        78,
        161,
        158,
        247,
        247,
        42,
        247,
        110
      ],
      "margin_over_n": [
        0.008553951382923544,
        0.0027487858988968494,
        0.0025457238765870943,
        0.005839243620378687,
        2.2458792309242026e-05,
        0.00660254616284605,
        0.0040750108552966395,
        0.004220796501357125,
        0.0015092573837911516,
        0.0003827944178968236,
        0.0007294809250623265
      ]
    },
    {
      "byte": 5,
      "poi": 3284,
      "recovered_key": 187,
      "recovered_key_hex": "BB",
      "score": 0.019529529886274617,
      "top1_over_n": [
        222,
        239,
        78,
        111,
        239,
        239,
        187,
        30,
        61,
        30,
        187
      ],
      "margin_over_n": [
        0.0002601200515059271,
        0.0063942446121273006,
        0.00811534388522478,
        0.004786031464820081,
        0.005112522170901766,
        0.01072287430583669,
        0.00025762227532004703,
        0.0023420101439410868,
        0.00250370733163258,
        0.00018834047839615814,
        0.0022580491974150997
      ]
    },
    {
      "byte": 6,
      "poi": 3624,
      "recovered_key": 151,
      "recovered_key_hex": "97",
      "score": 0.01909728817846028,
      "top1_over_n": [
        201,
        206,
        109,
        109,
        107,
        36,
        107,
        44,
        221,
        151,
        151
      ],
      "margin_over_n": [
        0.0055672219050320465,
        0.002793566888442331,
        0.012419964195320612,
        0.003872426189716782,
        0.007123058160014517,
        0.0030715610589994065,
        0.0076397141976870045,
        0.0004416367961002851,
        0.002978596604682967,
        0.0021160002886782166,
        0.00019188996234060368
      ]
    },
    {
      "byte": 7,
      "poi": 3546,
      "recovered_key": 93,
      "recovered_key_hex": "5D",
      "score": 0.02261880186065056,
      "top1_over_n": [
        146,
        76,
        76,
        76,
        240,
        240,
        122,
        122,
        155,
        177,
        93
      ],
      "margin_over_n": [
        0.0017618026061699127,
        0.022868327608191505,
        0.014826116436761072,
        0.011544819157852534,
        0.001955243031852877,
        0.0012085922731610577,
        0.0003800553034109498,
        0.003774594495652952,
        8.479554171559461e-05,
        0.0009309695412710699,
        0.001488654002593525
      ]
    },
    {
      "byte": 8,
      "poi": 3078,
      "recovered_key": 124,
      "recovered_key_hex": "7C",
      "score": 0.02239765271345746,
      "top1_over_n": [
        43,
        191,
        59,
        169,
        237,
        169,
        124,
        124,
        124,
        109,
        124
      ],
      "margin_over_n": [
        0.03702626331042316,
        0.0008002506824181799,
        0.0013134953667353622,
        0.012464746033571734,
        0.0016536789151979162,
        0.00042402145119206647,
        0.0051424645893482085,
        0.0017014717348128976,
        0.005091748184859066,
        1.1800407702378113e-06,
        0.0040111616236209735
      ]
    },
    {
      "byte": 9,
      "poi": 54,
      "recovered_key": 157,
      "recovered_key_hex": "9D",
      "score": 0.023966360199894954,
      "top1_over_n": [
        48,
        151,
        151,
        151,
        49,
        49,
        192,
        192,
        192,
        192,
        157
      ],
      "margin_over_n": [
        0.004670925758119698,
        0.019257896109251563,
        0.014679665243568354,
        0.0097767061881475,
        0.005353026893655882,
        0.005289784638316072,
        0.0038705495029744547,
        0.006596783388511589,
        0.007160410202880933,
        0.0007287685420547807,
        0.0036425994024009527
      ]
    },
    {
      "byte": 10,
      "poi": 333,
      "recovered_key": 249,
      "recovered_key_hex": "F9",
      "score": 0.017363094906798746,