{
  "dataset": "exp_blind_B/byte_10/profile_b10.npz",
  "n_total": 18984,
  "n_train": 13290,
  "n_val": 2847,
  "n_test": 2847,
  "n_classes": 9,
  "poi": 300,
  "h1": 256,
  "h2": 128,
  "dropout": 0.1,
  "epochs": 80,
  "batch_size": 256,
  "lr": 0.001,
  "l2": 1e-05,
  "patience": 15,
  "best_val_acc1": 0.2606252195293291,
  "test_acc1": 0.24938531787846857,
  "test_acc5": 0.9244819107832807
}