{
  "dataset": "exp_blind_D/byte_02/profile_b02.npz",
  "n_total": 28984,
  "n_train": 20290,
  "n_val": 4347,
  "n_test": 4347,
  "n_classes": 9,
  "poi": 300,
  "h1": 256,
  "h2": 128,
  "dropout": 0.1,
  "epochs": 80,
  "batch_size": 256,
  "lr": 0.001,
  "l2": 1e-05,
  "patience": 15,
  "best_val_acc1": 0.2638601334253508,
  "test_acc1": 0.26040947780078216,
  "test_acc5": 0.9316770186335404
}