{
  "dataset": "exp_blind_D_bal/byte_04/profile_b04.npz",
  "n_total": 16000,
  "n_train": 11200,
  "n_val": 2400,
  "n_test": 2400,
  "n_classes": 9,
  "poi": 300,
  "h1": 256,
  "h2": 128,
  "dropout": 0.1,
  "epochs": 80,
  "batch_size": 256,
  "lr": 0.001,
  "l2": 1e-05,
  "patience": 15,
  "best_val_acc1": 0.2608333333333333,
  "test_acc1": 0.23791666666666667,
  "test_acc5": 0.9125
}