{
  "dataset": "exp_082_hw_s1337/byte_09/profile_b09.npz",
  "n_total": 28984,
  "n_train": 20290,
  "n_val": 4347,
  "n_test": 4347,
  "n_classes": 9,
  "poi": 800,
  "h1": 768,
  "h2": 384,
  "dropout": 0.15,
  "epochs": 120,
  "batch_size": 256,
  "lr": 0.001,
  "l2": 1e-05,
  "patience": 20,
  "best_val_acc1": 0.2606395215090867,
  "test_acc1": 0.26547043938348286,
  "test_acc5": 0.9270761444674488
}