{
  "dataset": "exp_blind_C2/byte_04/profile_b04.npz",
  "n_total": 23984,
  "n_train": 16790,
  "n_val": 3597,
  "n_test": 3597,
  "n_classes": 256,
  "poi": 300,
  "h1": 256,
  "h2": 128,
  "dropout": 0.1,
  "epochs": 80,
  "batch_size": 256,
  "lr": 0.001,
  "l2": 1e-05,
  "patience": 15,
  "best_val_acc1": 0.006950236308034473,
  "test_acc1": 0.003614122880177926,
  "test_acc5": 0.017792604948568252
}