{
  "dataset": "exp_quick_hw_s1337/byte_15/profile_b15.npz",
  "n_total": 28984,
  "n_train": 20290,
  "n_val": 4347,
  "n_test": 4347,
  "n_classes": 9,
  "poi": 500,
  "h1": 512,
  "h2": 256,
  "dropout": 0.1,
  "epochs": 60,
  "batch_size": 256,
  "lr": 0.001,
  "l2": 1e-05,
  "patience": 10,
  "best_val_acc1": 0.2638601334253508,
  "test_acc1": 0.2535081665516448,
  "test_acc5": 0.9256958822176213
}