{
  "dataset": "campaign_unknownB_localmlp/byte_13/profile_hw_b13.npz",
  "n_total": 5000,
  "n_train": 3500,
  "n_val": 750,
  "n_test": 750,
  "n_classes": 9,
  "poi": 180,
  "h1": 192,
  "h2": 96,
  "dropout": 0.1,
  "epochs": 80,
  "batch_size": 256,
  "lr": 0.001,
  "l2": 1e-05,
  "patience": 12,
  "best_val_acc1": 0.256,
  "test_acc1": 0.26666666666666666,
  "test_acc5": 0.9173333333333333
}