{
  "dataset": "campaign_multisession_mlp16_smoke_01/byte_00/profile_b00.npz",
  "n_total": 15000,
  "n_train": 10500,
  "n_val": 2250,
  "n_test": 2250,
  "n_classes": 9,
  "poi": 300,
  "h1": 256,
  "h2": 128,
  "dropout": 0.1,
  "epochs": 80,
  "batch_size": 256,
  "lr": 0.001,
  "l2": 1e-05,
  "patience": 15,
  "best_val_acc1": 0.24133333333333334,
  "test_acc1": 0.24222222222222223,
  "test_acc5": 0.8724444444444445
}