{
  "dataset": "exp_tune_hw_s4242/byte_10/profile_b10.npz",
  "n_total": 28984,
  "n_train": 20290,
  "n_val": 4347,
  "n_test": 4347,
  "n_classes": 9,
  "poi": 900,
  "h1": 768,
  "h2": 384,
  "dropout": 0.2,
  "epochs": 140,
  "batch_size": 256,
  "lr": 0.0007,
  "l2": 3e-05,
  "patience": 25,
  "best_val_acc1": 0.27352196917414306,
  "test_acc1": 0.25925925925925924,
  "test_acc5": 0.9259259259259259
}