{
  "dataset": "campaign_cross_session_local/byte_10/profile_hw_b10.npz",
  "n_total": 89860,
  "n_train": 62902,
  "n_val": 13479,
  "n_test": 13479,
  "n_classes": 9,
  "poi": 200,
  "h1": 256,
  "h2": 128,
  "dropout": 0.1,
  "epochs": 120,
  "batch_size": 256,
  "lr": 0.001,
  "l2": 1e-05,
  "patience": 20,
  "best_val_acc1": 0.27457526522739073,
  "test_acc1": 0.2785073076637733,
  "test_acc5": 0.9315972995029305
}