{
  "dataset": "campaign_aes16_big/byte_01/profile_hw_b01.npz",
  "n_total": 49993,
  "n_train": 34997,
  "n_val": 7498,
  "n_test": 7498,
  "n_classes": 9,
  "poi": 200,
  "h1": 256,
  "h2": 128,
  "dropout": 0.1,
  "epochs": 120,
  "batch_size": 256,
  "lr": 0.001,
  "l2": 1e-05,
  "patience": 20,
  "best_val_acc1": 0.2740730861563084,
  "test_acc1": 0.27714057081888505,
  "test_acc5": 0.9342491331021606
}