{
  "dataset": "exp_blind_A/byte_08/profile_b08.npz",
  "n_total": 13984,
  "n_train": 9790,
  "n_val": 2097,
  "n_test": 2097,
  "n_classes": 9,
  "poi": 300,
  "h1": 256,
  "h2": 128,
  "dropout": 0.1,
  "epochs": 80,
  "batch_size": 256,
  "lr": 0.001,
  "l2": 1e-05,
  "patience": 15,
  "best_val_acc1": 0.2508345255126371,
  "test_acc1": 0.23652837386742967,
  "test_acc5": 0.9070100143061517
}