{
  "dataset": "exp_blind_A/byte_00/profile_b00.npz",
  "n_total": 13984,
  "n_train": 9790,
  "n_val": 2097,
  "n_test": 2097,
  "n_classes": 9,
  "poi": 300,
  "h1": 256,
  "h2": 128,
  "dropout": 0.1,
  "epochs": 80,
  "batch_size": 256,
  "lr": 0.001,
  "l2": 1e-05,
  "patience": 15,
  "best_val_acc1": 0.4659036719122556,
  "test_acc1": 0.45827372436814495,
  "test_acc5": 0.9637577491654745
}