{
  "dataset": "exp_blind_sbox_final/byte_04/profile_b04.npz",
  "n_total": 28984,
  "n_train": 20290,
  "n_val": 4347,
  "n_test": 4347,
  "n_classes": 256,
  "poi": 300,
  "h1": 256,
  "h2": 128,
  "dropout": 0.1,
  "epochs": 80,
  "batch_size": 256,
  "lr": 0.001,
  "l2": 1e-05,
  "patience": 15,
  "best_val_acc1": 0.005521048999309869,
  "test_acc1": 0.003680699332873246,
  "test_acc5": 0.02139406487232574
}