{
  "dataset": "campaign_cross_session/byte_01/profile_hw_b01.npz",
  "n_total": 89860,
  "n_train": 62902,
  "n_val": 13479,
  "n_test": 13479,
  "n_classes": 9,
  "poi": 200,
  "h1": 256,
  "h2": 128,
  "dropout": 0.1,
  "epochs": 120,
  "batch_size": 256,
  "lr": 0.001,
  "l2": 1e-05,
  "patience": 20,
  "best_val_acc1": 0.27413012834780026,
  "test_acc1": 0.2729430966688923,
  "test_acc5": 0.932339194302248
}