{
  "train_dataset": "profile_s1_al.npz",
  "test_dataset": "profile_s3_al.npz",
  "byte": 0,
  "key": 43,
  "preproc": "center_detrend",
  "window": 700,
  "center": -1,
  "n_train": 25435,
  "n_val": 4488,
  "n_classes": 256,
  "epochs_requested": 40,
  "epochs_run": 9,
  "best_val_acc1": 0.004456327762454748,
  "metrics": {
    "val": {
      "loss": 5.545106887817383,
      "acc1": 0.004456327762454748,
      "acc5": 0.020053476095199585
    },
    "test": {
      "loss": 5.543825149536133,
      "acc1": 0.004770005587488413,
      "acc5": 0.024216951802372932
    }
  }
}