{
  "npz": "unknown_B_20k_aligned.npz",
  "poi_json": "known_win_50_1200_summary.json",
  "n_list": [
    500,
    1000,
    2000,
    3000,
    5000,
    7000,
    10000,
    20000
  ],
  "recovered_key": [
    167,
    2,
    22,
    250,
    147,
    106,
    39,
    173,
    61,
    245,
    15,
    219,
    236,
    51,
    238,
    99
  ],
  "recovered_key_hex": "A70216FA936A27AD3DF50FDBEC33EE63",
  "poi_half_window": 120,
  "stable_count_vs_n": [
    0,
    0,
    0,
    0,
    0,
    0,
    3,
    16
  ],
  "median_margin_vs_n": [
    0.007913604411662556,
    0.0023266717827651745,
    0.0021742962668528792,
    0.0019645465743479695,
    0.001063422849009784,
    0.0015531372845122536,
    0.002308494883586521,
    0.0015061617752635762
  ],
  "bytes": [
    {
      "byte": 0,
      "poi": 877,
      "recovered_key": 167,
      "recovered_key_hex": "A7",
      "score": 0.03145070639957149,
      "top1_over_n": [
        200,
        231,
        41,
        223,
        65,
        163,
        8,
        167
      ],
      "margin_over_n": [
        0.022139418478946127,
        0.0007264870058299178,
        0.0017627067526352763,
        0.0026681985633149052,
        0.00011445845934629495,
        0.0022796138724902534,
        7.050392634358471e-05,
        0.0008928533361218516
      ]
    },
    {
      "byte": 1,
      "poi": 369,
      "recovered_key": 2,
      "recovered_key_hex": "02",
      "score": 0.03492782567823918,
      "top1_over_n": [
        72,
        46,
        203,
        164,
        104,
        223,
        244,
        2
      ],
      "margin_over_n": [
        0.00644065257482887,
        0.0006800636889569001,
        0.0007625401188863096,
        0.00047892132683977073,
        0.0002736310153011873,
        0.003291436213525442,
        0.0012734663852181985,
        0.006295824196826914
      ]
    },
    {
      "byte": 2,
      "poi": 651,
      "recovered_key": 22,
      "recovered_key_hex": "16",
      "score": 0.03071196611460132,
      "top1_over_n": [
        156,
        16,
        16,
        104,
        104,
        189,
        203,
        22
      ],
      "margin_over_n": [
        0.0026071463053263244,
        0.0003501783029917216,
        0.009193377594629182,
        0.0032447282545313705,
        0.001143091208860962,
        0.00012910381551825556,
        0.00544748288678569,
        0.0009737627850296172
      ]
    },
    {
      "byte": 3,
      "poi": 930,
      "recovered_key": 250,
      "recovered_key_hex": "FA",
      "score": 0.030166185985282118,
      "top1_over_n": [
        171,
        10,
        88,
        207,
        207,
        207,
        250,
        250
      ],
      "margin_over_n": [
        0.027395660158415186,
        0.002140343024719188,
        0.010955664892828898,
        0.005346770647807808,
        6.025586983398473e-05,
        0.0006355067869135839,
        0.007161186384996729,
        0.0011102107958813265
      ]
    },
    {
      "byte": 4,
      "poi": 245,
      "recovered_key": 147,
      "recovered_key_hex": "93",
      "score": 0.03239267063299974,
      "top1_over_n": [
        173,
        183,
        121,
        200,
        103,
        60,
        60,
        147
      ],
      "margin_over_n": [
        0.009075649020505838,
        0.0018902993568616078,
        0.00020466382260435345,
        0.011321032448538465,
        0.0007598245979558368,
        0.0030570062281267893,
        0.0036960816421392623,
        0.0018449122456038816
      ]
    },
    {
      "byte": 5,
      "poi": 889,
      "recovered_key": 106,
      "recovered_key_hex": "6A",
      "score": 0.03339371062738006,
      "top1_over_n": [
        183,
        1,
        230,
        193,
        250,
        22,
        106,
        106
      ],
      "margin_over_n": [
        0.0027448261174412847,
        0.00043514781041623096,
        0.002585885781070482,
        0.0006145898933022781,
        0.0013600137960286252,
        0.0009318610331595367,
        0.003339802661555695,
        0.0025591098565282515
      ]
    },
    {
      "byte": 6,
      "poi": 1073,
      "recovered_key": 39,
      "recovered_key_hex": "27",
      "score": 0.03712248293383942,
      "top1_over_n": [
        34,
        99,
        140,
        44,
        15,
        192,
        249,
        39
      ],
      "margin_over_n": [
        0.008611422607902458,
        0.007008836793113038,
        0.0065721008383250595,
        0.0004351022090671036,
        0.0006446016458650505,
        0.0017236955266657014,
        0.0036122874649756193,
        0.00591057650826746
      ]
    },
    {
      "byte": 7,
      "poi": 703,
      "recovered_key": 173,
      "recovered_key_hex": "AD",
      "score": 0.03001562367485499,
      "top1_over_n": [
        31,
        17,
        122,
        122,
        12,
        108,
        139,
        173
      ],
      "margin_over_n": [
        0.01144610308563035,
        0.005728567445524246,
        0.016443772485645616,
        0.012619051201240253,
        0.0034562453589572772,
        0.004868581127554124,
        0.0033109333613401543,
        0.0010932498899313067
      ]
    },
    {
      "byte": 8,
      "poi": 1097,
      "recovered_key": 61,
      "recovered_key_hex": "3D",
      "score": 0.031393670215510656,
      "top1_over_n": [
        104,
        104,
        211,
        93,
        179,
        179,
        142,
        61
      ],
      "margin_over_n": [
        0.019046615226437746,
        0.010797403347678675,
        0.0008152273422070144,
        0.006084138743997047,
        0.0020634351414386964,
        7.31794240878686e-05,
        0.0015975947386911993,
        0.0023158387131031848
      ]
    },
    {
      "byte": 9,
      "poi": 367,
      "recovered_key": 245,
      "recovered_key_hex": "F5",
      "score": 0.03026693529693456,
      "top1_over_n": [
        103,
        76,
        12,
        148,
        33,
        171,
        34,
        245
      ],
      "margin_over_n": [
        0.005105831457640209,
        0.018879120817322875,
        0.000477495182750573,
        0.0024139310620448634,
        0.002432091191984148,
        0.004642162923729973,
        0.000733436212356775,
        0.0010786312089394179
      ]
    },
    {
      "byte": 10,
      "poi": 328,
      "recovered_key": 15,
      "recovered_key_hex": "0F",
      "score": 0.02841272159871992,
      "top1_over_n": [
        77,
        77,
        57,
        181,
        172,
        228,
        60,
        15
      ],
      "margin_over_n": [
        0.0042055110509881255,
        0.008801771643648593,
        0.000930545819307918,
        0.001809281381988978,
        0.0018299995662946142,
        0.00025369592378649,
        0.002326632807285338,
        0.00012483695482972193
      ]
    },
    {
      "byte": 11,
      "poi": 846,
      "recovered_key": 219,
      "recovered_key_hex": "DB",
      "score": 0.03474983455460413,
      "top1_over_n": [
        208,
        14,
        250,
        243,
        222,
        147,
        37,
        219
      ],
      "margin_over_n": [
        0.007215786215422654,
        0.003165748831158638,
        0.00024085494070962,
        0.002119811766706961,
        0.0006944450947463099,
        0.0016025366490744278,
        0.0024366894734061534,
        0.0036924243660403262
      ]
    },
    {
      "byte": 12,
      "poi": 349,
      "recovered_key": 236,
      "recovered_key_hex": "EC",
      "score": 0.03008737820000878,
      "top1_over_n": [
        209,
        228,
        102,
        223,
        204,
        230,
        236,
        236
      ],
      "margin_over_n": [
        0.009887950220522995,
        0.0006011131545315407,
        0.00026405911994167863,
        0.001793611793251229,
        0.0009837544891586059,
        0.0015037379199500794,
        0.0014518956559558607,
        0.001478824534289866
      ]
    },
    {
      "byte": 13,