{
  "npz": "blind_082_20k_al.npz",
  "poi_json": "blind_082_20k_fullscan_summary.json",
  "n_list": [
    500,
    1000,
    2000,
    3000,
    5000,
    7000,
    10000,
    20000
  ],
  "recovered_key": [
    55,
    67,
    1,
    8,
    162,
    146,
    1,
    221,
    198,
    190,
    40,
    191,
    109,
    117,
    211,
    138
  ],
  "recovered_key_hex": "37430108A29201DDC6BE28BF6D75D38A",
  "poi_half_window": 20,
  "stable_count_vs_n": [
    0,
    0,
    0,
    0,
    3,
    2,
    9,
    16
  ],
  "median_margin_vs_n": [
    0.008160545652769913,
    0.005574630901639739,
    0.005426547368581898,
    0.003878234297366421,
    0.003064479247892264,
    0.003325840389301147,
    0.0021516346422798677,
    0.009357555506843598
  ],
  "bytes": [
    {
      "byte": 0,
      "poi": 728,
      "recovered_key": 55,
      "recovered_key_hex": "37",
      "score": 0.03271521033057097,
      "top1_over_n": [
        137,
        18,
        149,
        107,
        246,
        52,
        123,
        55
      ],
      "margin_over_n": [
        0.02231719475970642,
        0.01137574073664789,
        0.0004519417247092622,
        0.002232925542144701,
        0.0007829212621383516,
        0.00014336971965899642,
        0.001353345895542285,
        0.007518299693498723
      ]
    },
    {
      "byte": 1,
      "poi": 2367,
      "recovered_key": 67,
      "recovered_key_hex": "43",
      "score": 0.03691864966175989,
      "top1_over_n": [
        83,
        139,
        39,
        153,
        228,
        211,
        211,
        67
      ],
      "margin_over_n": [
        0.005161758220926405,
        0.0033126085015511425,
        0.004339942671983288,
        0.0007539957137202707,
        0.0017042573341208428,
        0.007505968978463853,
        0.006663814822357679,
        0.005839655002036464
      ]
    },
    {
      "byte": 2,
      "poi": 2867,
      "recovered_key": 1,
      "recovered_key_hex": "01",
      "score": 0.03543236555271904,
      "top1_over_n": [
        199,
        219,
        135,
        135,
        187,
        135,
        1,
        1
      ],
      "margin_over_n": [
        0.0046310749723631195,
        0.009424807195129004,
        0.001741776218391583,
        0.006271082394088204,
        0.002260863748844426,
        0.0017675886571731567,
        0.00025965938920243653,
        0.01153958057008777
      ]
    },
    {
      "byte": 3,
      "poi": 1700,
      "recovered_key": 8,
      "recovered_key_hex": "08",
      "score": 0.03312553544734313,
      "top1_over_n": [
        38,
        5,
        120,
        178,
        117,
        83,
        83,
        8
      ],
      "margin_over_n": [
        0.02675486988393297,
        0.010372014263260648,
        0.002030312155198402,
        0.006173439087744675,
        0.011280174441726944,
        0.006202954257242765,
        0.0023130334977418746,
        0.0017240542275552134
      ]
    },
    {
      "byte": 4,
      "poi": 2615,
      "recovered_key": 162,
      "recovered_key_hex": "A2",
      "score": 0.037702785574840324,
      "top1_over_n": [
        239,
        204,
        64,
        170,
        162,
        171,
        162,
        162
      ],
      "margin_over_n": [
        0.009007701201525997,
        0.0014603731179760604,
        0.0014844317258585343,
        0.0028092967481761696,
        0.0028193080840010973,
        0.003094477654937068,
        0.0006823993157390115,
        0.01040652651291139
      ]
    },
    {
      "byte": 5,
      "poi": 2869,
      "recovered_key": 146,
      "recovered_key_hex": "92",
      "score": 0.032777262657659435,
      "top1_over_n": [
        110,
        217,
        98,
        98,
        153,
        79,
        146,
        146
      ],
      "margin_over_n": [
        0.007313390104013828,
        0.000719196857321025,
        0.01419115151636205,
        0.005806153654478799,
        0.0013986013434278619,
        0.0006306782052457882,
        0.002450161630031686,
        0.006595617112156414
      ]
    },
    {
      "byte": 6,
      "poi": 1634,
      "recovered_key": 1,
      "recovered_key_hex": "01",
      "score": 0.03512946089640637,
      "top1_over_n": [
        253,
        65,
        241,
        144,
        186,
        193,
        93,
        1
      ],
      "margin_over_n": [
        0.050365505788174475,
        0.005363165725568747,
        0.006513152065180508,
        0.006711190084407015,
        0.004937373325622184,
        0.009834627774345774,
        0.0017819887797533088,
        0.012253920336344912
      ]
    },
    {
      "byte": 7,
      "poi": 2386,
      "recovered_key": 221,
      "recovered_key_hex": "DD",
      "score": 0.03637878972391198,
      "top1_over_n": [
        182,
        215,
        243,
        37,
        90,
        165,
        34,
        221
      ],
      "margin_over_n": [
        0.0029707925845813,
        0.0037262684643678684,
        0.010291441864004353,
        0.008915449520977087,
        0.005278796273054505,
        0.0033665997719698193,
        0.0018829036108291494,
        0.007726248193051764
      ]
    },
    {
      "byte": 8,
      "poi": 3703,
      "recovered_key": 198,
      "recovered_key_hex": "C6",
      "score": 0.04222568094563826,
      "top1_over_n": [
        191,
        129,
        113,
        174,
        198,
        151,
        198,
        198
      ],
      "margin_over_n": [
        0.0017982240408822292,
        0.020429895336707124,
        0.00023598271197043663,
        0.0016619739149751206,
        0.0027446084781965266,
        0.0014466227254327849,
        0.00827727924916026,
        0.017076001383476164
      ]
    },
    {
      "byte": 9,
      "poi": 505,
      "recovered_key": 190,
      "recovered_key_hex": "BE",
      "score": 0.0357868583437975,
      "top1_over_n": [
        2,
        163,
        89,
        14,
        102,
        190,
        190,
        190
      ],
      "margin_over_n": [
        0.03877480361122668,
        0.005667809189997236,
        0.010262669822915432,
        0.002661609654530779,
        0.003309650411783431,
        0.0030888584608283684,
        0.0027523015977608395,
        0.009564057990664648
      ]
    },
    {
      "byte": 10,
      "poi": 204,
      "recovered_key": 40,
      "recovered_key_hex": "28",
      "score": 0.036489905363100525,
      "top1_over_n": [
        8,
        55,
        55,
        213,
        237,
        83,
        218,
        40
      ],
      "margin_over_n": [
        0.004892172279564844,
        0.0011758309514513093,
        0.0006876595853379103,
        0.0005141857724946935,
        0.008230588003216632,
        0.0033784382947479458,
        6.085860558766032e-06,
        0.010531892180224722
      ]
    },
    {
      "byte": 11,
      "poi": 2282,
      "recovered_key": 191,
      "recovered_key_hex": "BF",
      "score": 0.033749240146818786,
      "top1_over_n": [
        1,
        40,
        24,
        24,
        191,
        180,
        191,
        191
      ],
      "margin_over_n": [
        0.0015832550913314758,
        0.009981837583320885,
        0.011845921291018635,
        0.009110626818050097,
        0.0019029555412829954,
        7.258833959163796e-05,
        0.012385290528039258,
        0.009151053023022548
      ]
    },
    {
      "byte": 12,
      "poi": 3908,
      "recovered_key": 109,
      "recovered_key_hex": "6D",
      "score": 0.03442692864934459,
      "top1_over_n": [
        184,
        220,
        240,
        49,
        170,
        115,
        170,
        109
      ],
      "margin_over_n": [
        0.005956205062827569,
        0.010051579661909879,
        0.0009942293065684643,
        0.00028222366279565675,
        0.0065467916034739615,
        0.003740157876983126,
        0.0006512191697701231,
        0.005169998084262804
      ]
    },
    {
      "byte": 13,
      "poi": 3881,