{
  "npz": "blind_ext_diff_20k_al.npz",
  "poi_json": "quick_ext_diff_2k_summary.json",
  "n_list": [
    500,
    1000,
    2000,
    3000,
    5000,
    7000,
    10000,
    20000
  ],
  "recovered_key": [
    41,
    150,
    169,
    132,
    172,
    79,
    77,
    65,
    245,
    140,
    4,
    185,
    17,
    51,
    152,
    113
  ],
  "recovered_key_hex": "2996A984AC4F4D41F58C04B911339871",
  "poi_half_window": 20,
  "stable_count_vs_n": [
    0,
    0,
    1,
    2,
    1,
    1,
    1,
    16
  ],
  "median_margin_vs_n": [
    0.009673727369003043,
    0.00808553284798287,
    0.01878224215352589,
    0.007476569086031504,
    0.0031267355215560087,
    0.0031876240699591496,
    0.0025521558969302145,
    0.001306867406680656
  ],
  "bytes": [
    {
      "byte": 0,
      "poi": 2590,
      "recovered_key": 41,
      "recovered_key_hex": "29",
      "score": 0.02600726562645491,
      "top1_over_n": [
        13,
        146,
        146,
        198,
        212,
        63,
        110,
        41
      ],
      "margin_over_n": [
        0.012188903301682652,
        0.02000006995933809,
        0.0170906448281668,
        0.0022717690384895933,
        0.00017825671945471966,
        0.0033329395509585982,
        0.0037265095469859247,
        0.0008763733238616109
      ]
    },
    {
      "byte": 1,
      "poi": 1036,
      "recovered_key": 150,
      "recovered_key_hex": "96",
      "score": 0.028995986799845382,
      "top1_over_n": [
        254,
        63,
        159,
        159,
        244,
        77,
        146,
        150
      ],
      "margin_over_n": [
        0.03976586396875281,
        0.005502887234391768,
        0.013448886498170165,
        0.001604751237597249,
        0.003681584019097156,
        0.0019238710160654551,
        0.005207164608212078,
        0.0013927474956374856
      ]
    },
    {
      "byte": 2,
      "poi": 1558,
      "recovered_key": 169,
      "recovered_key_hex": "A9",
      "score": 0.02743206048022626,
      "top1_over_n": [
        230,
        166,
        78,
        78,
        73,
        79,
        176,
        169
      ],
      "margin_over_n": [
        0.0031396862471693154,
        0.0006584294840849408,
        0.0302761617457378,
        7.452555985337783e-05,
        0.0009143168645956781,
        0.005983864694168235,
        0.00020143540693710882,
        0.0015694566178531752
      ]
    },
    {
      "byte": 3,
      "poi": 424,
      "recovered_key": 132,
      "recovered_key_hex": "84",
      "score": 0.025381446690520868,
      "top1_over_n": [
        249,
        39,
        186,
        186,
        238,
        117,
        60,
        132
      ],
      "margin_over_n": [
        0.006984947622518833,
        0.008385859207120802,
        0.014472520009096032,
        0.0008139229312382479,
        0.0028519019250430253,
        0.003692646357564139,
        0.0013681001183051406,
        0.00047179229039170933
      ]
    },
    {
      "byte": 4,
      "poi": 2999,
      "recovered_key": 172,
      "recovered_key_hex": "AC",
      "score": 0.02749331098725157,
      "top1_over_n": [
        248,
        134,
        10,
        10,
        168,
        84,
        84,
        172
      ],
      "margin_over_n": [
        0.01145056227764285,
        0.0007321767859309602,
        0.031171511786000083,
        0.011060954544347426,
        0.0012625209104302273,
        0.009669820498300154,
        0.0027799368683822795,
        0.0014900384522170858
      ]
    },
    {
      "byte": 5,
      "poi": 3634,
      "recovered_key": 79,
      "recovered_key_hex": "4F",
      "score": 0.02843139991229926,
      "top1_over_n": [
        130,
        82,
        142,
        27,
        142,
        4,
        142,
        79
      ],
      "margin_over_n": [
        0.004618794266967097,
        0.0071319664377993,
        0.015560403261897393,
        0.0026603459620097025,
        0.0007547607916584126,
        0.000523764348982908,
        0.00888744514061613,
        0.0029065737723699345
      ]
    },
    {
      "byte": 6,
      "poi": 3218,
      "recovered_key": 77,
      "recovered_key_hex": "4D",
      "score": 0.028390543452888547,
      "top1_over_n": [
        222,
        206,
        206,
        212,
        41,
        90,
        24,
        77
      ],
      "margin_over_n": [
        0.007453061816850792,
        0.03797584600214557,
        0.006338696111936451,
        0.006245143621842114,
        0.0037698184313000246,
        0.002265415746742716,
        0.0010290981582863276,
        0.0013523481679929908
      ]
    },
    {
      "byte": 7,
      "poi": 2142,
      "recovered_key": 65,
      "recovered_key_hex": "41",
      "score": 0.025857577650534754,
      "top1_over_n": [
        228,
        254,
        182,
        182,
        227,
        227,
        227,
        65
      ],
      "margin_over_n": [
        0.01993779797517753,
        0.01546947493287193,
        0.023744561032142467,
        0.016260529499860732,
        0.00397009971746836,
        0.008911965575706601,
        0.0014909329563276286,
        3.0758402205958296e-05
      ]
    },
    {
      "byte": 8,
      "poi": 3116,
      "recovered_key": 245,
      "recovered_key_hex": "F5",
      "score": 0.028281124961536633,
      "top1_over_n": [
        83,
        196,
        47,
        47,
        178,
        106,
        191,
        245
      ],
      "margin_over_n": [
        0.016732405167519088,
        0.0027271753211567107,
        0.02512619370947229,
        0.01321859604429687,
        0.009083697105297078,
        0.001727567172340072,
        0.003963900436252381,
        0.0021623176877652132
      ]
    },
    {
      "byte": 9,
      "poi": 623,
      "recovered_key": 140,
      "recovered_key_hex": "8C",
      "score": 0.02758462720775719,
      "top1_over_n": [
        237,
        198,
        24,
        195,
        16,
        195,
        220,
        140
      ],
      "margin_over_n": [
        0.007896892460363236,
        0.000727806542493839,
        0.006032024348434431,
        0.00898415394413575,
        0.003401569118068992,
        0.0009079752689273302,
        0.0016827803109489073,
        0.00064569367740425
      ]
    },
    {
      "byte": 10,
      "poi": 3476,
      "recovered_key": 4,
      "recovered_key_hex": "04",
      "score": 0.03178525013965779,
      "top1_over_n": [
        8,
        226,
        4,
        4,
        4,
        4,
        4,
        4
      ],
      "margin_over_n": [
        0.013923203244282811,
        0.006240990730105339,
        0.02047383947888498,
        0.01564605616281496,
        0.005807084461055663,
        0.008741431381197616,
        0.007454607550988458,
        0.003120665563409099
      ]
    },
    {
      "byte": 11,
      "poi": 3530,
      "recovered_key": 185,
      "recovered_key_hex": "B9",
      "score": 0.030542608492122095,
      "top1_over_n": [
        32,
        100,
        42,
        39,
        154,
        71,
        154,
        185
      ],
      "margin_over_n": [
        0.0011812548737965278,
        0.00778520648884494,
        0.022092434751743315,
        0.002384325818809041,
        0.007836149605767465,
        0.0002352384897764681,
        0.0068814044538689015,
        0.0010082369123925357
      ]
    },
    {
      "byte": 12,
      "poi": 1103,
      "recovered_key": 17,
      "recovered_key_hex": "11",
      "score": 0.026995982666150165,
      "top1_over_n": [
        56,
        56,
        56,
        56,
        37,
        77,
        192,
        17
      ],
      "margin_over_n": [
        0.0001475720763379207,
        0.02499444541405721,
        0.03981785391549472,
        0.017973489198489775,
        0.0007808428198217074,
        0.0058354512209580905,
        0.0023243749254781496,
        0.000839642296196496
      ]
    },
    {
      "byte": 13,
      "poi": 2953,
      "recovered_key": 51,