{
  "dataset": "attack_newkey_20k_hw.npz",
  "n_total": 19907,
  "n_train": 13935,
  "n_val": 2986,
  "n_test": 2986,
  "n_classes": 9,
  "poi": 200,
  "h1": 256,
  "h2": 128,
  "dropout": 0.1,
  "epochs": 100,
  "batch_size": 256,
  "lr": 0.001,
  "l2": 1e-05,
  "patience": 20,
  "best_val_acc1": 0.24614869390488947,
  "test_acc1": 0.2525117213663764,
  "test_acc5": 0.9336905559276625
}