{
  "npz": "blind_ext_s2_20k_al.npz",
  "poi_json": "tmp_s1_win_1200_2600_summary.json",
  "n_list": [
    500,
    1000,
    2000,
    3000,
    5000,
    7000,
    10000,
    20000
  ],
  "recovered_key": [
    172,
    185,
    70,
    100,
    194,
    232,
    189,
    233,
    225,
    148,
    228,
    219,
    197,
    187,
    24,
    33
  ],
  "recovered_key_hex": "ACB94664C2E8BDE9E194E4DBC5BB1821",
  "poi_half_window": 20,
  "stable_count_vs_n": [
    0,
    0,
    0,
    0,
    0,
    0,
    1,
    16
  ],
  "median_margin_vs_n": [
    0.009552852627420089,
    0.00594967816002312,
    0.0021306924522332127,
    0.003304789634353003,
    0.002322295082160978,
    0.00270459353046704,
    0.0008852932474276674,
    0.0012923362485048571
  ],
  "bytes": [
    {
      "byte": 0,
      "poi": 1555,
      "recovered_key": 172,
      "recovered_key_hex": "AC",
      "score": 0.03228339799127151,
      "top1_over_n": [
        112,
        41,
        93,
        191,
        176,
        239,
        239,
        172
      ],
      "margin_over_n": [
        0.019892699288949628,
        0.002714118765323986,
        0.0011587610977449592,
        0.0007280132141860574,
        0.002606285743564342,
        0.002493427641580691,
        0.005645302162934275,
        0.003992262772316162
      ]
    },
    {
      "byte": 1,
      "poi": 1406,
      "recovered_key": 185,
      "recovered_key_hex": "B9",
      "score": 0.02635258757055984,
      "top1_over_n": [
        200,
        207,
        187,
        166,
        160,
        46,
        162,
        185
      ],
      "margin_over_n": [
        0.0016684800843222436,
        0.006492612615709853,
        0.0010077845680253605,
        0.005039675670439198,
        0.000525334473636313,
        0.002967149089123225,
        0.0005256287430734016,
        0.0008569504702170133
      ]
    },
    {
      "byte": 2,
      "poi": 1310,
      "recovered_key": 70,
      "recovered_key_hex": "46",
      "score": 0.02851698440237855,
      "top1_over_n": [
        42,
        112,
        112,
        112,
        221,
        141,
        27,
        70
      ],
      "margin_over_n": [
        0.009173589767560747,
        0.006593155485637381,
        0.025479415733524927,
        0.0035366668311557076,
        9.930275787296133e-05,
        0.0018131494003126164,
        0.00021949180521765171,
        0.0016033076967158187
      ]
    },
    {
      "byte": 3,
      "poi": 2229,
      "recovered_key": 100,
      "recovered_key_hex": "64",
      "score": 0.024304328123359063,
      "top1_over_n": [
        62,
        160,
        227,
        227,
        190,
        68,
        121,
        100
      ],
      "margin_over_n": [
        0.0010946782400754196,
        0.0018427639751377317,
        0.00034380154157294396,
        0.004078560397294956,
        0.0018219810785253324,
        0.007801525559623428,
        0.0004986719606183826,
        0.0005007600425633134
      ]
    },
    {
      "byte": 4,
      "poi": 2149,
      "recovered_key": 194,
      "recovered_key_hex": "C2",
      "score": 0.03369489522284326,
      "top1_over_n": [
        60,
        35,
        35,
        4,
        191,
        210,
        226,
        194
      ],
      "margin_over_n": [
        0.014909706566567565,
        0.013251773438913012,
        0.02303055435636768,
        0.0020927236123943066,
        0.0023242980463397678,
        0.004515526009680554,
        0.00019011452171126958,
        0.006276999553974729
      ]
    },
    {
      "byte": 5,
      "poi": 1260,
      "recovered_key": 232,
      "recovered_key_hex": "E8",
      "score": 0.027930757714444296,
      "top1_over_n": [
        143,
        202,
        119,
        119,
        125,
        125,
        187,
        232
      ],
      "margin_over_n": [
        0.011747763367108338,
        0.02148038424236734,
        0.0028341635580986235,
        0.006771640142485574,
        0.005884937642600979,
        0.00770664411237558,
        0.0008552477859023119,
        0.0003280298769067769
      ]
    },
    {
      "byte": 6,
      "poi": 1311,
      "recovered_key": 189,
      "recovered_key_hex": "BD",
      "score": 0.029514579794621295,
      "top1_over_n": [
        92,
        154,
        14,
        233,
        244,
        244,
        189,
        189
      ],
      "margin_over_n": [
        0.005238486703734807,
        0.004477624980384898,
        0.002434868691483058,
        0.0022023495381573444,
        0.005629145717008635,
        0.004775959541875395,
        0.0013357008388250255,
        0.001708571219644
      ]
    },
    {
      "byte": 7,
      "poi": 1240,
      "recovered_key": 233,
      "recovered_key_hex": "E9",
      "score": 0.024454865468336192,
      "top1_over_n": [
        159,
        139,
        144,
        85,
        86,
        6,
        183,
        233
      ],
      "margin_over_n": [
        0.027376746961173676,
        0.0029686544727721004,
        0.00028322536717032,
        0.0014135564699546826,
        0.003539375629134471,
        0.00032916898140199213,
        9.925187503574684e-05,
        1.272364120893238e-05
      ]
    },
    {
      "byte": 8,
      "poi": 1931,
      "recovered_key": 225,
      "recovered_key_hex": "E1",
      "score": 0.031134531648998716,
      "top1_over_n": [
        100,
        170,
        66,
        64,
        140,
        45,
        45,
        225
      ],
      "margin_over_n": [
        0.010059507283257468,
        0.018465307309125836,
        0.00040266012054820943,
        0.0030729124375502986,
        0.00038630063688163685,
        0.002880467702476193,
        0.002778297309747775,
        0.004300055929497587
      ]
    },
    {
      "byte": 9,
      "poi": 1865,
      "recovered_key": 148,
      "recovered_key_hex": "94",
      "score": 0.026892951121444957,
      "top1_over_n": [
        69,
        184,
        95,
        95,
        38,
        146,
        108,
        148
      ],
      "margin_over_n": [
        0.009018671315666943,
        0.005406743704336386,
        0.004116361938121066,
        0.002074776114331045,
        0.002320292117982188,
        0.0009422618318979878,
        0.0009153387089530229,
        6.374886838168836e-05
      ]
    },
    {
      "byte": 10,
      "poi": 2363,
      "recovered_key": 228,
      "recovered_key_hex": "E4",
      "score": 0.03384286223762172,
      "top1_over_n": [
        173,
        213,
        87,
        103,
        4,
        78,
        189,
        228
      ],
      "margin_over_n": [
        0.004133103005501043,
        0.0019432857950899413,
        0.00039744363620763945,
        0.0011730884913844358,
        0.0045925214054971936,
        0.0009622965119682053,
        0.00347859850391298,
        0.006327446544772405
      ]
    },
    {
      "byte": 11,
      "poi": 2084,
      "recovered_key": 219,
      "recovered_key_hex": "DB",
      "score": 0.02741083208259011,
      "top1_over_n": [
        36,
        206,
        54,
        32,
        139,
        142,
        177,
        219
      ],
      "margin_over_n": [
        0.009620186394188629,
        0.02088383444468775,
        0.001301099418357432,
        0.0011342643309241035,
        0.009112847079611457,
        0.005000388006090685,
        0.004875591153515241,
        8.273835677845981e-06
      ]
    },
    {
      "byte": 12,
      "poi": 1839,
      "recovered_key": 197,
      "recovered_key_hex": "C5",
      "score": 0.027211284170095124,
      "top1_over_n": [
        140,
        93,
        222,
        76,
        1,
        162,
        99,
        197
      ],