{
  "npz": "unknown_new_20k_aligned_blind_nokey.npz",
  "poi_json": "blind_strict_poi0_summary.json",
  "n_list": [
    500,
    1000,
    2000,
    3000,
    5000,
    7000,
    10000,
    20000
  ],
  "recovered_key": [
    239,
    59,
    212,
    99,
    145,
    180,
    208,
    47,
    207,
    71,
    238,
    183,
    102,
    206,
    249,
    175
  ],
  "recovered_key_hex": "EF3BD46391B4D02FCF47EEB766CEF9AF",
  "poi_half_window": 40,
  "stable_count_vs_n": [
    0,
    0,
    0,
    0,
    1,
    1,
    1,
    16
  ],
  "median_margin_vs_n": [
    0.0037782421567636726,
    0.004469662624589851,
    0.0024011813207249905,
    0.003382354591000461,
    0.0030919082262736083,
    0.0029064697224589313,
    0.0016978967350215132,
    0.0007087932398207059
  ],
  "bytes": [
    {
      "byte": 0,
      "poi": 779,
      "recovered_key": 239,
      "recovered_key_hex": "EF",
      "score": 0.026759196834987672,
      "top1_over_n": [
        202,
        216,
        173,
        125,
        129,
        150,
        138,
        239
      ],
      "margin_over_n": [
        0.016287780754670023,
        0.003944137728788974,
        0.005575484501080072,
        0.00706733672627724,
        0.002020035879726781,
        0.00039026335793659883,
        0.002711607808576523,
        0.0008696305513973442
      ]
    },
    {
      "byte": 1,
      "poi": 2619,
      "recovered_key": 59,
      "recovered_key_hex": "3B",
      "score": 0.03108322978344482,
      "top1_over_n": [
        53,
        53,
        53,
        9,
        177,
        169,
        96,
        59
      ],
      "margin_over_n": [
        0.028914198824567527,
        0.02591133779578042,
        0.0001378513141018084,
        0.0029039675955605943,
        0.002816394213863732,
        0.0069525164202287465,
        0.001302132944061285,
        0.0010455033339858422
      ]
    },
    {
      "byte": 2,
      "poi": 1023,
      "recovered_key": 212,
      "recovered_key_hex": "D4",
      "score": 0.02934478705997528,
      "top1_over_n": [
        153,
        215,
        88,
        174,
        184,
        151,
        126,
        212
      ],
      "margin_over_n": [
        0.003670918713026633,
        0.0007885631427611006,
        0.002043857032783966,
        0.004486727830225218,
        0.004197444824018105,
        0.003806021348543673,
        0.0011258395860368892,
        0.00014315638942502887
      ]
    },
    {
      "byte": 3,
      "poi": 204,
      "recovered_key": 99,
      "recovered_key_hex": "63",
      "score": 0.02874213771754342,
      "top1_over_n": [
        137,
        148,
        133,
        133,
        127,
        127,
        32,
        99
      ],
      "margin_over_n": [
        0.013208614362077986,
        0.000540601488520559,
        0.00028347568973072224,
        0.0036428225813901344,
        0.003104733614136712,
        0.0011730292692341757,
        0.000505805655004167,
        0.0017698308509056064
      ]
    },
    {
      "byte": 4,
      "poi": 2466,
      "recovered_key": 145,
      "recovered_key_hex": "91",
      "score": 0.027824526540690887,
      "top1_over_n": [
        210,
        152,
        54,
        69,
        129,
        54,
        54,
        145
      ],
      "margin_over_n": [
        0.02024111165703535,
        0.004539849767890097,
        0.0025043751241753676,
        0.004955634096266676,
        0.0017071611226988498,
        0.0033695284345307136,
        0.005745935273165338,
        0.0006532203541295377
      ]
    },
    {
      "byte": 5,
      "poi": 1871,
      "recovered_key": 180,
      "recovered_key_hex": "B4",
      "score": 0.028832832327135502,
      "top1_over_n": [
        113,
        30,
        72,
        147,
        147,
        228,
        104,
        180
      ],
      "margin_over_n": [
        0.004275616191416892,
        0.007314601859318232,
        0.0004092286774534104,
        0.0020344432866388484,
        0.0018432447469031027,
        0.0022826137666482893,
        0.0007925189331590213,
        0.0007218079856209925
      ]
    },
    {
      "byte": 6,
      "poi": 2746,
      "recovered_key": 208,
      "recovered_key_hex": "D0",
      "score": 0.02829038137488065,
      "top1_over_n": [
        240,
        24,
        6,
        78,
        13,
        249,
        13,
        208
      ],
      "margin_over_n": [
        0.003158558918668425,
        0.0025744714124302515,
        0.0005705492062544615,
        0.0033495150404684038,
        0.0030790828384105046,
        0.003972729297656873,
        0.0006025932322298519,
        0.0005833439955565227
      ]
    },
    {
      "byte": 7,
      "poi": 3274,
      "recovered_key": 47,
      "recovered_key_hex": "2F",
      "score": 0.02721652857252638,
      "top1_over_n": [
        163,
        83,
        236,
        131,
        163,
        134,
        254,
        47
      ],
      "margin_over_n": [
        0.002288065622133323,
        0.000761272064806584,
        0.013408035032403232,
        0.0023108625262753674,
        0.006748692030828049,
        0.00744128881319496,
        0.005127428014362584,
        0.0006591887447563761
      ]
    },
    {
      "byte": 8,
      "poi": 802,
      "recovered_key": 207,
      "recovered_key_hex": "CF",
      "score": 0.02674423356584291,
      "top1_over_n": [
        103,
        191,
        92,
        188,
        92,
        5,
        5,
        207
      ],
      "margin_over_n": [
        2.555304950654924e-05,
        0.006500786026440664,
        0.0022979875172746134,
        0.003415194141532518,
        0.000497236502622421,
        0.007916093340066828,
        0.009728415977193351,
        5.728715316506705e-05
      ]
    },
    {
      "byte": 9,
      "poi": 2692,
      "recovered_key": 71,
      "recovered_key_hex": "47",
      "score": 0.03759773391841833,
      "top1_over_n": [
        74,
        132,
        202,
        152,
        205,
        146,
        146,
        71
      ],
      "margin_over_n": [
        0.001176890155815541,
        0.004399475481289605,
        0.010359301695732723,
        0.0036767773013936245,
        0.0001486945281092139,
        0.00613146435376543,
        0.002605190561787249,
        0.007653275531115493
      ]
    },
    {
      "byte": 10,
      "poi": 2208,
      "recovered_key": 238,
      "recovered_key_hex": "EE",
      "score": 0.035052884115532416,
      "top1_over_n": [
        6,
        196,
        37,
        146,
        192,
        2,
        45,
        238
      ],
      "margin_over_n": [
        0.001536413560557448,
        0.016559221554539344,
        0.0015403836255499098,
        0.0037951457824621643,
        0.007802602526760856,
        0.001041663839349255,
        0.0009166848060379457,
        0.00586500947511117
      ]
    },
    {
      "byte": 11,
      "poi": 571,
      "recovered_key": 183,
      "recovered_key_hex": "B7",
      "score": 0.027075924611765095,
      "top1_over_n": [
        61,
        126,
        173,
        24,
        185,
        36,
        106,
        183
      ],
      "margin_over_n": [
        0.0015208617453188744,
        0.004970413194710976,
        0.002065840334542865,
        0.0008668304552448269,
        0.003431979574296355,
        0.0009597720279803101,
        0.0009693707558919226,
        0.0008182154567615736
      ]
    },
    {
      "byte": 12,
      "poi": 2185,
      "recovered_key": 102,
      "recovered_key_hex": "66",
      "score": 0.030769164001050522,
      "top1_over_n": [
        199,
        181,
        181,
        154,
        102,
        102,
        102,
        102
      ],