{
  "npz": "unknown_new_20k_aligned_blind_nokey.npz",
  "poi_json": "unknown_win_50_1200_summary.json",
  "n_list": [
    500,
    1000,
    2000,
    3000,
    5000,
    7000,
    10000,
    20000
  ],
  "recovered_key": [
    183,
    252,
    95,
    84,
    24,
    26,
    158,
    9,
    104,
    186,
    138,
    34,
    8,
    10,
    85,
    36
  ],
  "recovered_key_hex": "B7FC5F54181A9E0968BA8A22080A5524",
  "poi_half_window": 40,
  "stable_count_vs_n": [
    0,
    0,
    0,
    0,
    0,
    0,
    1,
    16
  ],
  "median_margin_vs_n": [
    0.008537168013307228,
    0.00533006596737548,
    0.00443291370556273,
    0.0033771354048181407,
    0.001987379444779787,
    0.002568128660849333,
    0.0018873395332320714,
    0.001516903461912751
  ],
  "bytes": [
    {
      "byte": 0,
      "poi": 877,
      "recovered_key": 183,
      "recovered_key_hex": "B7",
      "score": 0.02677327758619335,
      "top1_over_n": [
        151,
        55,
        55,
        140,
        136,
        76,
        138,
        183
      ],
      "margin_over_n": [
        0.01714632716989961,
        0.015044758305967881,
        0.014145405196085967,
        0.0013644256117074371,
        5.777406627749393e-05,
        0.0039565926398238485,
        0.0015660190593338105,
        0.0017406297111014456
      ]
    },
    {
      "byte": 1,
      "poi": 369,
      "recovered_key": 252,
      "recovered_key_hex": "FC",
      "score": 0.02933890437996267,
      "top1_over_n": [
        235,
        114,
        220,
        5,
        218,
        117,
        102,
        252
      ],
      "margin_over_n": [
        0.008381392383793124,
        0.00022046707554471134,
        0.00016245326881307587,
        0.006326091189129843,
        0.0013501157737143485,
        0.00031378579494702186,
        0.0001485601336203568,
        0.0030079617203074387
      ]
    },
    {
      "byte": 2,
      "poi": 651,
      "recovered_key": 95,
      "recovered_key_hex": "5F",
      "score": 0.029628350523081635,
      "top1_over_n": [
        141,
        150,
        44,
        60,
        209,
        209,
        88,
        95
      ],
      "margin_over_n": [
        0.021831774538241172,
        0.000834231633250887,
        0.003016988071265922,
        0.011102933835179046,
        0.006611364635347575,
        0.0015132648537431875,
        0.0007817901212156669,
        0.0009580748213317836
      ]
    },
    {
      "byte": 3,
      "poi": 930,
      "recovered_key": 84,
      "recovered_key_hex": "54",
      "score": 0.029086027811249,
      "top1_over_n": [
        25,
        157,
        178,
        185,
        42,
        42,
        42,
        84
      ],
      "margin_over_n": [
        0.022449517573238154,
        0.004379299827043867,
        0.006616347562690181,
        0.00618403339079078,
        0.004731463576673214,
        0.00500692360980378,
        0.005788344875580852,
        0.0009189921554921578
      ]
    },
    {
      "byte": 4,
      "poi": 245,
      "recovered_key": 24,
      "recovered_key_hex": "18",
      "score": 0.030321975550352206,
      "top1_over_n": [
        12,
        32,
        19,
        188,
        27,
        27,
        24,
        24
      ],
      "margin_over_n": [
        0.0010943954746598927,
        0.00605824321328996,
        0.0011718724518785667,
        0.00032963868911595195,
        0.0010920743272524874,
        0.0005365333954314086,
        0.0008178202123048928,
        0.0031544425371814906
      ]
    },
    {
      "byte": 5,
      "poi": 889,
      "recovered_key": 26,
      "recovered_key_hex": "1A",
      "score": 0.03397820380151011,
      "top1_over_n": [
        223,
        169,
        210,
        212,
        159,
        78,
        193,
        26
      ],
      "margin_over_n": [
        0.0004886286038629228,
        0.02054807809235462,
        0.0019411589072535207,
        0.002692233399291241,
        0.003711529690032682,
        0.001277984261005255,
        0.003922118277200279,
        0.006706467126527414
      ]
    },
    {
      "byte": 6,
      "poi": 1073,
      "recovered_key": 158,
      "recovered_key_hex": "9E",
      "score": 0.03137321334608333,
      "top1_over_n": [
        86,
        44,
        126,
        233,
        104,
        41,
        48,
        158
      ],
      "margin_over_n": [
        0.006548639042101512,
        0.0028402800776513304,
        0.0004760316956472638,
        0.0029300843102567226,
        0.00023010230537576226,
        4.9484345765918314e-05,
        0.000990128265448996,
        0.0006806910044698383
      ]
    },
    {
      "byte": 7,
      "poi": 703,
      "recovered_key": 9,
      "recovered_key_hex": "09",
      "score": 0.02880165902859501,
      "top1_over_n": [
        187,
        85,
        224,
        109,
        186,
        160,
        99,
        9
      ],
      "margin_over_n": [
        0.0026806034505887644,
        0.0046018887214610005,
        0.0012913773118303357,
        0.0013887583674725007,
        0.0011391842362887608,
        0.0005255165562109559,
        0.0005687684649967883,
        0.0016847491896796463
      ]
    },
    {
      "byte": 8,
      "poi": 1097,
      "recovered_key": 104,
      "recovered_key_hex": "68",
      "score": 0.02622728442667752,
      "top1_over_n": [
        122,
        228,
        238,
        36,
        129,
        36,
        131,
        104
      ],
      "margin_over_n": [
        0.032054000112508974,
        0.0010535560203921157,
        0.005728860045683792,
        0.000632986351155343,
        0.0005764742387151384,
        0.00275393577600392,
        0.0029288143765448874,
        0.00012855571432054957
      ]
    },
    {
      "byte": 9,
      "poi": 367,
      "recovered_key": 186,
      "recovered_key_hex": "BA",
      "score": 0.03535033436647969,
      "top1_over_n": [
        246,
        128,
        99,
        239,
        200,
        156,
        237,
        186
      ],
      "margin_over_n": [
        0.014025185051269817,
        0.0031165290150739766,
        0.007927448257989383,
        0.009188475287911946,
        0.0004156305892453402,
        0.007214599483028938,
        0.00011005332888756186,
        0.00655289419598816
      ]
    },
    {
      "byte": 10,
      "poi": 328,
      "recovered_key": 138,
      "recovered_key_hex": "8A",
      "score": 0.030682360431209553,
      "top1_over_n": [
        200,
        25,
        60,
        209,
        51,
        156,
        156,
        138
      ],
      "margin_over_n": [
        0.004201582283210492,
        0.02747355858560141,
        0.009244227404187746,
        0.0056455032636524155,
        0.001979034111848438,
        0.0010793452987618857,
        0.0018628517186056529,
        0.001349057734145856
      ]
    },
    {
      "byte": 11,
      "poi": 846,
      "recovered_key": 34,
      "recovered_key_hex": "22",
      "score": 0.029720250329957877,
      "top1_over_n": [
        43,
        43,
        8,
        104,
        5,
        5,
        5,
        34
      ],
      "margin_over_n": [
        0.026533527198091544,
        0.03362137154528322,
        0.0031369673654416674,
        0.0013396055684307823,
        0.003713936729247129,
        0.012118097280304274,
        0.0039091710375183455,
        8.184317500301713e-06
      ]
    },
    {
      "byte": 12,
      "poi": 349,
      "recovered_key": 8,
      "recovered_key_hex": "08",
      "score": 0.03067439896287084,
      "top1_over_n": [
        168,
        83,
        31,
        12,
        237,
        137,
        137,
        8
      ],
      "margin_over_n": [
        0.008115337775078085,
        0.0027006297347498404,
        0.0024578999569911802,
        0.001813311186040209,
        0.0032825034706285214,
        0.002382321545694746,
        0.003022091968754373,
        0.0013282748328112756
      ]
    },
    {
      "byte": 13,
      "poi": 1014,