{
  "npz": "unknown_B_20k_aligned.npz",
  "poi_json": "unknown_B_20k_aligned_fullscan_summary.json",
  "n_list": [
    500,
    1000,
    2000,
    3000,
    5000,
    7000,
    10000,
    20000
  ],
  "recovered_key": [
    167,
    251,
    209,
    94,
    191,
    168,
    225,
    214,
    109,
    68,
    39,
    185,
    163,
    61,
    146,
    72
  ],
  "recovered_key_hex": "A7FBD15EBFA8E1D66D4427B9A33D9248",
  "poi_half_window": 40,
  "stable_count_vs_n": [
    0,
    0,
    0,
    0,
    0,
    1,
    1,
    16
  ],
  "median_margin_vs_n": [
    0.005446563607270805,
    0.006325390840457336,
    0.006169435754686009,
    0.0017104890384565252,
    0.002761443507427467,
    0.002545802617791741,
    0.0017407352165555133,
    0.0011182274675724854
  ],
  "bytes": [
    {
      "byte": 0,
      "poi": 779,
      "recovered_key": 167,
      "recovered_key_hex": "A7",
      "score": 0.0314507063995714,
      "top1_over_n": [
        200,
        231,
        92,
        11,
        70,
        163,
        250,
        167
      ],
      "margin_over_n": [
        0.013097455819641696,
        0.01897839722225711,
        0.006010664756554401,
        0.0005737589482437688,
        0.0022769672647463476,
        0.0005099690950697566,
        0.004335218201746108,
        0.0030485252887300605
      ]
    },
    {
      "byte": 1,
      "poi": 2619,
      "recovered_key": 251,
      "recovered_key_hex": "FB",
      "score": 0.028342702085671526,
      "top1_over_n": [
        67,
        170,
        26,
        143,
        67,
        1,
        1,
        251
      ],
      "margin_over_n": [
        0.0043931654310130075,
        0.004911689787577972,
        0.00686874813753946,
        0.0005667654835967012,
        0.0022439126297542702,
        0.001904661447813448,
        0.0037836405576983367,
        0.000284151661436121
      ]
    },
    {
      "byte": 2,
      "poi": 1023,
      "recovered_key": 209,
      "recovered_key_hex": "D1",
      "score": 0.03337047446586401,
      "top1_over_n": [
        153,
        234,
        196,
        97,
        38,
        245,
        242,
        209
      ],
      "margin_over_n": [
        0.007412903030039414,
        0.0017712072876260587,
        0.002188368878435182,
        0.0017786538388102624,
        0.0012049653253716278,
        0.002664796971253172,
        0.003559151924793877,
        0.004389255865048944
      ]
    },
    {
      "byte": 3,
      "poi": 204,
      "recovered_key": 94,
      "recovered_key_hex": "5E",
      "score": 0.02831174468719053,
      "top1_over_n": [
        95,
        83,
        198,
        136,
        124,
        124,
        80,
        94
      ],
      "margin_over_n": [
        0.00106310473284707,
        0.0043580587988326785,
        0.003522048934361019,
        0.0024196414312222386,
        0.0048554704602356905,
        0.0003634924583350782,
        0.0008223176523146775,
        1.9849663820875607e-05
      ]
    },
    {
      "byte": 4,
      "poi": 2466,
      "recovered_key": 191,
      "recovered_key_hex": "BF",
      "score": 0.02979942406407983,
      "top1_over_n": [
        95,
        135,
        73,
        173,
        113,
        113,
        186,
        191
      ],
      "margin_over_n": [
        0.0192766329874208,
        0.0022503842418191977,
        0.012097272290174196,
        0.0004764372633685454,
        0.006358895600098877,
        0.0025616738996668068,
        0.004051636544882595,
        0.0031912510483197605
      ]
    },
    {
      "byte": 5,
      "poi": 1871,
      "recovered_key": 168,
      "recovered_key_hex": "A8",
      "score": 0.027600445436520644,
      "top1_over_n": [
        160,
        120,
        36,
        161,
        11,
        210,
        127,
        168
      ],
      "margin_over_n": [
        0.028018699007651526,
        0.001596074608184811,
        0.017469400469249594,
        0.0006748779628739654,
        0.0015401643339646096,
        0.005430747994734003,
        0.00027700379786220475,
        0.00043435583500425756
      ]
    },
    {
      "byte": 6,
      "poi": 2746,
      "recovered_key": 225,
      "recovered_key_hex": "E1",
      "score": 0.034122844122124046,
      "top1_over_n": [
        163,
        8,
        202,
        106,
        106,
        106,
        140,
        225
      ],
      "margin_over_n": [
        0.0013110148247939823,
        0.008076708331319363,
        0.0009029816427060799,
        0.007635343027143318,
        0.010994247614633829,
        0.010988172648034394,
        0.0020460948344494245,
        0.004809521251582242
      ]
    },
    {
      "byte": 7,
      "poi": 3274,
      "recovered_key": 214,
      "recovered_key_hex": "D6",
      "score": 0.02831695364164486,
      "top1_over_n": [
        107,
        250,
        189,
        189,
        189,
        162,
        216,
        214
      ],
      "margin_over_n": [
        0.00843485445067832,
        0.01152809494106763,
        0.013854307390443688,
        0.0058734327534655795,
        0.007054714815618507,
        0.0011079841062583765,
        1.3356221839073978e-05,
        0.0013767942309379569
      ]
    },
    {
      "byte": 8,
      "poi": 802,
      "recovered_key": 109,
      "recovered_key_hex": "6D",
      "score": 0.028303332425846758,
      "top1_over_n": [
        218,
        36,
        63,
        36,
        202,
        37,
        180,
        109
      ],
      "margin_over_n": [
        0.00651314246571405,
        0.00867265324960649,
        0.007044477152822082,
        0.0031353042407589043,
        0.00014936840436841764,
        0.003693489220112589,
        8.167632109554179e-05,
        0.00031244901640890485
      ]
    },
    {
      "byte": 9,
      "poi": 2692,
      "recovered_key": 68,
      "recovered_key_hex": "44",
      "score": 0.028669389080742298,
      "top1_over_n": [
        21,
        18,
        207,
        188,
        135,
        68,
        220,
        68
      ],
      "margin_over_n": [
        0.006499961783528602,
        0.02104934279570013,
        0.009008987502861651,
        0.0065767548630137895,
        0.004030729723170597,
        0.0011991844497268034,
        0.00010466202122127316,
        0.00037226663620860273
      ]
    },
    {
      "byte": 10,
      "poi": 2208,
      "recovered_key": 39,
      "recovered_key_hex": "27",
      "score": 0.02866502256845064,
      "top1_over_n": [
        36,
        180,
        106,
        106,
        231,
        15,
        93,
        39
      ],
      "margin_over_n": [
        0.0025563251924234365,
        0.004200294943614624,
        0.0007909755137603114,
        0.0036650315693750185,
        0.006156932823231022,
        0.0011352637664895013,
        0.0008269488601094846,
        0.00053897356306409
      ]
    },
    {
      "byte": 11,
      "poi": 571,
      "recovered_key": 185,
      "recovered_key_hex": "B9",
      "score": 0.029291018025438417,
      "top1_over_n": [
        41,
        119,
        72,
        231,
        150,
        29,
        241,
        185
      ],
      "margin_over_n": [
        0.0031980168762822114,
        0.023988710869583457,
        0.010048629957444447,
        0.011432706832450651,
        0.0011503318046774402,
        0.00041098851200773584,
        0.001206627341749568,
        0.0008596607042070138
      ]
    },
    {
      "byte": 12,
      "poi": 2185,
      "recovered_key": 163,
      "recovered_key_hex": "A3",
      "score": 0.03383603897002043,
      "top1_over_n": [
        9,
        210,
        141,
        75,
        27,
        246,
        41,
        163
      ],