{
  "npz": "unknown_B_20k_aligned.npz",
  "poi_json": "unknown_win_50_1200_summary.json",
  "n_list": [
    500,
    1000,
    2000,
    3000,
    5000,
    7000,
    10000,
    20000
  ],
  "recovered_key": [
    249,
    2,
    22,
    16,
    74,
    106,
    12,
    58,
    61,
    0,
    15,
    219,
    236,
    196,
    38,
    91
  ],
  "recovered_key_hex": "F90216104A6A0C3A3D000FDBECC4265B",
  "poi_half_window": 40,
  "stable_count_vs_n": [
    0,
    0,
    0,
    0,
    0,
    1,
    2,
    16
  ],
  "median_margin_vs_n": [
    0.007682594355453792,
    0.005835114927544974,
    0.003184460896073063,
    0.0017072134005492665,
    0.001357160453539237,
    0.0013649791600650711,
    0.001704205848209607,
    0.00192040825540187
  ],
  "bytes": [
    {
      "byte": 0,
      "poi": 877,
      "recovered_key": 249,
      "recovered_key_hex": "F9",
      "score": 0.030557853063449637,
      "top1_over_n": [
        55,
        99,
        41,
        59,
        65,
        41,
        185,
        249
      ],
      "margin_over_n": [
        0.002654961346266055,
        0.0018215458035532872,
        0.008680234362892877,
        3.8192297216868565e-05,
        0.007766079665001958,
        0.0004882160561162155,
        0.0008777587554591113,
        0.00030730380338556476
      ]
    },
    {
      "byte": 1,
      "poi": 369,
      "recovered_key": 2,
      "recovered_key_hex": "02",
      "score": 0.03492782567823927,
      "top1_over_n": [
        6,
        182,
        203,
        21,
        244,
        244,
        244,
        2
      ],
      "margin_over_n": [
        0.0064596074819884275,
        0.0075755837047632585,
        0.0007625401188863096,
        0.001653916192527291,
        0.001355749614719931,
        0.002505207573975529,
        0.0013168203119537716,
        0.007251206397486939
      ]
    },
    {
      "byte": 2,
      "poi": 651,
      "recovered_key": 22,
      "recovered_key_hex": "16",
      "score": 0.030711966114601433,
      "top1_over_n": [
        151,
        253,
        190,
        157,
        252,
        199,
        203,
        22
      ],
      "margin_over_n": [
        0.0033271113088468585,
        0.0066478412423285616,
        0.0016234963272388214,
        0.001333656364136307,
        0.004274850119192056,
        0.0002466437126001919,
        0.005447482886785468,
        0.003141928045943057
      ]
    },
    {
      "byte": 3,
      "poi": 930,
      "recovered_key": 16,
      "recovered_key_hex": "10",
      "score": 0.02905597518940079,
      "top1_over_n": [
        171,
        244,
        182,
        182,
        147,
        173,
        212,
        16
      ],
      "margin_over_n": [
        0.027395660158415186,
        0.002285376132765804,
        0.00055563813752392,
        0.009381737377178248,
        0.003356240917499198,
        0.00036308602706251747,
        0.0003263913887371489,
        0.0023451295145289174
      ]
    },
    {
      "byte": 4,
      "poi": 245,
      "recovered_key": 74,
      "recovered_key_hex": "4A",
      "score": 0.026996592450808335,
      "top1_over_n": [
        110,
        183,
        121,
        200,
        103,
        188,
        134,
        74
      ],
      "margin_over_n": [
        0.017204966984206843,
        0.012109925363400775,
        0.00020466382260435345,
        0.011321032448538437,
        0.0013501806584355763,
        0.001232924658351335,
        0.0006382549632161713,
        0.0012056729762545577
      ]
    },
    {
      "byte": 5,
      "poi": 889,
      "recovered_key": 106,
      "recovered_key_hex": "6A",
      "score": 0.03339371062738006,
      "top1_over_n": [
        183,
        190,
        230,
        140,
        126,
        106,
        106,
        106
      ],
      "margin_over_n": [
        0.0027448261174412847,
        0.002283693718781468,
        0.0035344292425889823,
        0.0008052014138253821,
        0.00018010410434186885,
        0.0011813856497565889,
        0.004962234852459543,
        0.0025591098565282515
      ]
    },
    {
      "byte": 6,
      "poi": 1073,
      "recovered_key": 12,
      "recovered_key_hex": "0C",
      "score": 0.03121190642557196,
      "top1_over_n": [
        127,
        32,
        32,
        84,
        94,
        142,
        249,
        12
      ],
      "margin_over_n": [
        0.002096850236438297,
        0.006388873905555689,
        0.001048531430427796,
        6.1179441823489e-05,
        0.0005958046415377172,
        0.003513600916142029,
        0.003827095914839429,
        0.0010754074746248815
      ]
    },
    {
      "byte": 7,
      "poi": 703,
      "recovered_key": 58,
      "recovered_key_hex": "3A",
      "score": 0.028922373784923683,
      "top1_over_n": [
        31,
        206,
        241,
        34,
        12,
        164,
        72,
        58
      ],
      "margin_over_n": [
        0.01775790879587691,
        0.007259212580893584,
        0.005629516809433813,
        0.0028037219951018155,
        0.011881881346253703,
        0.003382783003278149,
        0.0007354251476345136,
        0.0025705326776633668
      ]
    },
    {
      "byte": 8,
      "poi": 1097,
      "recovered_key": 61,
      "recovered_key_hex": "3D",
      "score": 0.031393670215510656,
      "top1_over_n": [
        237,
        221,
        49,
        93,
        36,
        142,
        142,
        61
      ],
      "margin_over_n": [
        0.007507019289388878,
        0.021390386137019074,
        0.0031121413246791296,
        0.006084138743997047,
        0.004827944579589377,
        0.00017050125863327104,
        0.0015975947386911993,
        0.002355796063432624
      ]
    },
    {
      "byte": 9,
      "poi": 367,
      "recovered_key": 0,
      "recovered_key_hex": "00",
      "score": 0.028648210309450476,
      "top1_over_n": [
        103,
        109,
        12,
        52,
        183,
        195,
        244,
        0
      ],
      "margin_over_n": [
        0.005105831457640209,
        0.0010302038559469595,
        0.0011037750673132535,
        0.0047348707850471405,
        0.0004905906657441811,
        0.0017473264300809505,
        0.0018108169577280148,
        0.00021258256171214837
      ]
    },
    {
      "byte": 10,
      "poi": 328,
      "recovered_key": 15,
      "recovered_key_hex": "0F",
      "score": 0.02841272159871992,
      "top1_over_n": [
        211,
        110,
        242,
        226,
        172,
        228,
        236,
        15
      ],
      "margin_over_n": [
        0.007858169421518707,
        0.0027769052743496225,
        0.0036233988684940127,
        0.0009217358845370616,
        0.0018299995662946489,
        0.0002536959237864414,
        0.0006037518382168913,
        0.0010975234645102527
      ]
    },
    {
      "byte": 11,
      "poi": 846,
      "recovered_key": 219,
      "recovered_key_hex": "DB",
      "score": 0.034749834554604245,
      "top1_over_n": [
        208,
        156,
        156,
        83,
        147,
        147,
        10,
        219
      ],
      "margin_over_n": [
        0.012459194547362856,
        0.021063448541333435,
        0.0034805365116445247,
        0.003704109546997958,
        0.0021259923984171536,
        0.0042374785599533366,
        0.002081168290955185,
        0.005519230039147886
      ]
    },
    {
      "byte": 12,
      "poi": 349,
      "recovered_key": 236,
      "recovered_key_hex": "EC",
      "score": 0.030087378200008716,
      "top1_over_n": [
        209,
        228,
        102,
        43,
        89,
        116,
        236,
        236
      ],
      "margin_over_n": [
        0.013435470693149432,
        0.004742721527319499,
        0.00026405911994167863,
        0.0013974342644429288,
        0.001358571292358543,
        0.004283061618838825,
        0.0032070030496217233,
        0.0018283449934878918
      ]
    },
    {
      "byte": 13,