{
  "npz": "unknown_noreject_50k.npz",
  "poi_json": "known_noreject_5k_summary.json",
  "n_list": [
    500,
    1000,
    2000,
    3000,
    5000,
    7000,
    10000,
    15000,
    20000,
    30000,
    40000,
    48559
  ],
  "recovered_key": [
    210,
    205,
    212,
    190,
    165,
    176,
    118,
    37,
    137,
    204,
    97,
    152,
    50,
    92,
    130,
    195
  ],
  "recovered_key_hex": "D2CDD4BEA5B0762589CC6198325C82C3",
  "poi_half_window": 40,
  "stable_count_vs_n": [
    0,
    0,
    0,
    0,
    0,
    0,
    0,
    0,
    1,
    2,
    1,
    16
  ],
  "median_margin_vs_n": [
    0.00854513845056809,
    0.003079289532125065,
    0.0025026091769726547,
    0.0036961751754274116,
    0.003146620045171789,
    0.0017063846223414059,
    0.00038890502717489964,
    0.0018827113217033484,
    0.002135334280809002,
    0.0008515822241611012,
    0.0005419298895999198,
    0.0011555826861430005
  ],
  "bytes": [
    {
      "byte": 0,
      "poi": 877,
      "recovered_key": 210,
      "recovered_key_hex": "D2",
      "score": 0.018476774958752322,
      "top1_over_n": [
        234,
        170,
        128,
        128,
        219,
        77,
        22,
        207,
        135,
        207,
        86,
        210
      ],
      "margin_over_n": [
        0.009300217438961672,
        0.004111364734863038,
        0.0034562450859093458,
        0.003738038652020062,
        0.000938045571322349,
        0.0009281544048423337,
        0.00010200812302032375,
        0.0007479542579584345,
        1.1276409730594239e-05,
        0.0005655411728321333,
        0.0004917906138056476,
        0.0008069961643112043
      ]
    },
    {
      "byte": 1,
      "poi": 3508,
      "recovered_key": 205,
      "recovered_key_hex": "CD",
      "score": 0.019087461512200553,
      "top1_over_n": [
        163,
        170,
        13,
        3,
        161,
        226,
        253,
        198,
        214,
        32,
        239,
        205
      ],
      "margin_over_n": [
        0.0073636766451185,
        0.00015417037068671258,
        0.0001261464522524236,
        0.006506066149670586,
        0.008073101416560036,
        0.006661891030237725,
        0.001619111315160189,
        0.0004692293530265332,
        0.004019020272858633,
        0.0014966275022163973,
        0.001464720519141316,
        0.0010544751336284443
      ]
    },
    {
      "byte": 2,
      "poi": 2670,
      "recovered_key": 212,
      "recovered_key_hex": "D4",
      "score": 0.018557393873655507,
      "top1_over_n": [
        11,
        193,
        219,
        219,
        7,
        222,
        168,
        24,
        246,
        255,
        37,
        212
      ],
      "margin_over_n": [
        0.016576055145019752,
        0.0017766041198862548,
        0.011900991678066242,
        0.000647016602068548,
        0.0029721023767524876,
        0.0017553488683182752,
        3.955659831793301e-05,
        0.0017800433954074033,
        3.439837861447803e-05,
        3.534532491379638e-05,
        0.0003502814956759942,
        0.0015885960626881336
      ]
    },
    {
      "byte": 3,
      "poi": 1940,
      "recovered_key": 190,
      "recovered_key_hex": "BE",
      "score": 0.018643425807415456,
      "top1_over_n": [
        198,
        220,
        126,
        237,
        19,
        215,
        215,
        144,
        245,
        124,
        249,
        190
      ],
      "margin_over_n": [
        0.00457746392812014,
        0.0020472143293870926,
        0.0013707919182872064,
        0.002864513503596275,
        0.0012151808793742433,
        0.0007331138810857188,
        0.00033967059418592294,
        0.0002910196278698776,
        0.0010006334625340188,
        0.0010646533320647182,
        0.0007512131198617322,
        0.0018355470636359505
      ]
    },
    {
      "byte": 4,
      "poi": 2845,
      "recovered_key": 165,
      "recovered_key_hex": "A5",
      "score": 0.017329205400456058,
      "top1_over_n": [
        156,
        52,
        52,
        226,
        139,
        126,
        126,
        128,
        128,
        158,
        13,
        165
      ],
      "margin_over_n": [
        0.03128046155401895,
        0.015207442908138719,
        0.0025581444603528375,
        0.0014520069930012702,
        0.0058600965060428625,
        0.006027976414707939,
        0.006805753295247838,
        0.0021311965349850442,
        0.00032331759527300455,
        0.0015630988628763595,
        0.00022338114226374065,
        0.0002068415257982549
      ]
    },
    {
      "byte": 5,
      "poi": 120,
      "recovered_key": 176,
      "recovered_key_hex": "B0",
      "score": 0.017032924060918653,
      "top1_over_n": [
        131,
        51,
        101,
        216,
        216,
        216,
        215,
        97,
        35,
        15,
        15,
        176
      ],
      "margin_over_n": [
        0.022277673949073845,
        2.1331982830136154e-05,
        0.0027686856554449135,
        0.012470740104746386,
        0.00617026856806549,
        0.009732720857664176,
        0.00025338841307370047,
        0.0019853792479992936,
        0.0023901803157165558,
        0.00029354758114425936,
        0.0008752644984909054,
        0.0001837683082406144
      ]
    },
    {
      "byte": 6,
      "poi": 1373,
      "recovered_key": 118,
      "recovered_key_hex": "76",
      "score": 0.018831678536545885,
      "top1_over_n": [
        111,
        62,
        197,
        227,
        175,
        158,
        92,
        23,
        135,
        44,
        42,
        118
      ],
      "margin_over_n": [
        0.005039385953417547,
        0.0007024355098275703,
        0.002397093626201871,
        0.0003100219102459417,
        0.0023243551728735004,
        0.0016574203763645365,
        0.0022090811562108167,
        0.0013978526472567324,
        0.003239470188871385,
        0.0011160254284435164,
        0.0003687936693358429,
        0.001485813397098197
      ]
    },
    {
      "byte": 7,
      "poi": 2194,
      "recovered_key": 37,
      "recovered_key_hex": "25",
      "score": 0.0203229218556944,
      "top1_over_n": [
        124,
        247,
        202,
        198,
        198,
        43,
        196,
        128,
        196,
        128,
        36,
        37
      ],
      "margin_over_n": [
        0.030113310244943403,
        0.004206108984363438,
        0.006546966864503803,
        0.005576323740071484,
        0.0027662502623251872,
        0.0008190462835575771,
        0.00036989890371934286,
        0.0024696666824964436,
        0.0005306099178083688,
        0.0037156206717479656,
        0.00030687655857086424,
        0.0026815403818974473
      ]
    },
    {
      "byte": 8,
      "poi": 1939,
      "recovered_key": 137,
      "recovered_key_hex": "89",
      "score": 0.017550381231741588,
      "top1_over_n": [
        48,
        85,
        182,
        128,
        116,
        116,
        84,
        84,
        84,
        140,
        215,
        137
      ],
      "margin_over_n": [
        0.011630942499743668,
        0.0004930810256701113,
        0.00782668542321309,
        0.005273451014312272,
        0.00243017010556619,
        0.0022633985054047456,
        0.00033100797502276513,
        0.005274693794464783,
        0.004261277668616861,
        0.0002690136702254986,
        0.0005209144603272008,
        0.0004520714481434443
      ]
    },
    {
      "byte": 9,
      "poi": 3747,
      "recovered_key": 204,
      "recovered_key_hex": "CC",
      "score": 0.02105356301700956,
      "top1_over_n": [
        222,
        235,
        194,
        242,
        242,
        242,
        252,
        40,
        204,
        204,
        187,
        204
      ],