{
  "npz": "unknown_B_attack15k_nokey.npz",
  "poi_json": "unknown_B_calib5k_known_poi_summary.json",
  "n_list": [
    500,
    1000,
    2000,
    3000,
    5000,
    7000,
    10000,
    15000
  ],
  "recovered_key": [
    163,
    175,
    252,
    249,
    86,
    92,
    236,
    185,
    84,
    14,
    58,
    100,
    136,
    120,
    20,
    140
  ],
  "recovered_key_hex": "A3AFFCF9565CECB9540E3A648878148C",
  "poi_half_window": 0,
  "stable_count_vs_n": [
    0,
    0,
    0,
    1,
    2,
    2,
    4,
    16
  ],
  "median_margin_vs_n": [
    0.004443030345627506,
    0.0033312502597207597,
    0.003377624586890768,
    0.005861144915249663,
    0.0023868066894549393,
    0.002599304023628679,
    0.0008929797159166301,
    0.002086764616030981
  ],
  "bytes": [
    {
      "byte": 0,
      "poi": 1219,
      "recovered_key": 163,
      "recovered_key_hex": "A3",
      "score": 0.02029960815778715,
      "top1_over_n": [
        171,
        194,
        236,
        22,
        112,
        112,
        113,
        163
      ],
      "margin_over_n": [
        0.0030902471251258445,
        0.0006959973527101426,
        0.003076176613545617,
        0.019353205738944175,
        0.00047234985402483387,
        0.0001390698509760105,
        0.0009470605542358478,
        0.000686187177605168
      ]
    },
    {
      "byte": 1,
      "poi": 3628,
      "recovered_key": 175,
      "recovered_key_hex": "AF",
      "score": 0.026273946094609438,
      "top1_over_n": [
        118,
        85,
        30,
        85,
        85,
        85,
        236,
        175
      ],
      "margin_over_n": [
        0.015984386278298873,
        0.0022184902470269996,
        0.0014232030817595276,
        0.005371621851487256,
        0.015053895867539531,
        0.002844913407076252,
        0.0012931923663802095,
        0.002342316512909573
      ]
    },
    {
      "byte": 2,
      "poi": 713,
      "recovered_key": 252,
      "recovered_key_hex": "FC",
      "score": 0.02770097306365707,
      "top1_over_n": [
        49,
        111,
        7,
        7,
        120,
        185,
        7,
        252
      ],
      "margin_over_n": [
        0.02339956949838433,
        0.0024465434161068667,
        0.0017174861773721628,
        0.013254293905302153,
        0.004087669712111983,
        0.0010989920415587912,
        0.0012280429565311411,
        0.0010329631878354083
      ]
    },
    {
      "byte": 3,
      "poi": 1222,
      "recovered_key": 249,
      "recovered_key_hex": "F9",
      "score": 0.023043764628097797,
      "top1_over_n": [
        178,
        178,
        225,
        234,
        139,
        139,
        249,
        249
      ],
      "margin_over_n": [
        0.0032789766517845598,
        0.0031714053463158254,
        0.004687685287350085,
        0.0054123545284583754,
        0.003863011857606062,
        0.009835104072633515,
        9.517907550933569e-05,
        0.004686738724866173
      ]
    },
    {
      "byte": 4,
      "poi": 2338,
      "recovered_key": 86,
      "recovered_key_hex": "56",
      "score": 0.029387368567620916,
      "top1_over_n": [
        189,
        193,
        117,
        41,
        86,
        63,
        86,
        86
      ],
      "margin_over_n": [
        0.002758207900371762,
        0.00895150785344316,
        0.0020608753266129418,
        0.0021097308366903045,
        0.005925991039417315,
        0.004519117480450537,
        0.00041507164078175354,
        0.0018724183964264653
      ]
    },
    {
      "byte": 5,
      "poi": 102,
      "recovered_key": 92,
      "recovered_key_hex": "5C",
      "score": 0.02292235267257922,
      "top1_over_n": [
        40,
        155,
        57,
        57,
        30,
        220,
        243,
        92
      ],
      "margin_over_n": [
        0.00772055375875659,
        0.0028168401853170127,
        0.0009098123462046095,
        0.0056567698989366255,
        0.0008198572688384517,
        0.0019095657071754694,
        0.0008388988775974125,
        0.0006811523548850042
      ]
    },
    {
      "byte": 6,
      "poi": 512,
      "recovered_key": 236,
      "recovered_key_hex": "EC",
      "score": 0.029944248084225973,
      "top1_over_n": [
        53,
        234,
        92,
        126,
        126,
        135,
        161,
        236
      ],
      "margin_over_n": [
        0.013146740717907487,
        0.001424683053068851,
        0.003074144810724183,
        0.007130734845833042,
        0.0008147747591839005,
        0.0033625913739545182,
        1.8925979666080395e-05,
        0.008457234139321788
      ]
    },
    {
      "byte": 7,
      "poi": 1594,
      "recovered_key": 185,
      "recovered_key_hex": "B9",
      "score": 0.0242120448475413,
      "top1_over_n": [
        136,
        109,
        107,
        107,
        192,
        174,
        2,
        185
      ],
      "margin_over_n": [
        0.0029536326596845963,
        0.003491095173125694,
        0.010467316743949871,
        0.0163965776956652,
        0.010682790142172438,
        0.00013523575120978626,
        0.0015124100312905245,
        0.002301110835635497
      ]
    },
    {
      "byte": 8,
      "poi": 2386,
      "recovered_key": 84,
      "recovered_key_hex": "54",
      "score": 0.023701134122710788,
      "top1_over_n": [
        135,
        53,
        245,
        235,
        99,
        84,
        154,
        84
      ],
      "margin_over_n": [
        0.0030510395374877264,
        0.0008375864741032579,
        0.00855762431795825,
        0.010225492220734413,
        0.002034433249365246,
        0.0007043025443945264,
        2.5331941182815676e-05,
        0.0005141434129512998
      ]
    },
    {
      "byte": 9,
      "poi": 306,
      "recovered_key": 14,
      "recovered_key_hex": "0E",
      "score": 0.021743360606170707,
      "top1_over_n": [
        236,
        236,
        236,
        253,
        182,
        159,
        182,
        14
      ],
      "margin_over_n": [
        0.015605944929292861,
        0.0012915540357373995,
        0.001088065272163652,
        0.003420117647491512,
        0.0003128926757890657,
        0.003969322527823817,
        0.00032531309887736184,
        0.0009133547688896411
      ]
    },
    {
      "byte": 10,
      "poi": 3131,
      "recovered_key": 58,
      "recovered_key_hex": "3A",
      "score": 0.02332674719419524,
      "top1_over_n": [
        248,
        195,
        120,
        38,
        164,
        164,
        245,
        58
      ],
      "margin_over_n": [
        0.0044018987313342445,
        0.014959364454082927,
        0.0036790725602359187,
        0.0060655199315627,
        0.001276609747225068,
        0.0012627904186682318,
        0.003724713644567699,
        0.0006299021546468594
      ]
    },
    {
      "byte": 11,
      "poi": 1491,
      "recovered_key": 100,
      "recovered_key_hex": "64",
      "score": 0.02419521980457384,
      "top1_over_n": [
        246,
        3,
        3,
        201,
        152,
        91,
        3,
        100
      ],
      "margin_over_n": [
        0.0008244089770491347,
        0.004886098827406385,
        0.006455378825038459,
        0.0032834916263696917,
        0.0021340510800725576,
        0.0006673633470541639,
        0.001503042806939539,
        0.00437758851537105
      ]
    },
    {
      "byte": 12,
      "poi": 2479,
      "recovered_key": 136,
      "recovered_key_hex": "88",
      "score": 0.025085659153951237,
      "top1_over_n": [
        15,
        236,
        188,
        15,
        24,
        236,
        136,
        136
      ],