{
  "npz": "unknown_B_attack15k_nokey.npz",
  "poi_json": "unknown_B_calib5k_blindpoi_fast_summary.json",
  "n_list": [
    500,
    1000,
    2000,
    3000,
    5000,
    7000,
    10000,
    15000
  ],
  "recovered_key": [
    246,
    136,
    200,
    35,
    222,
    251,
    37,
    140,
    75,
    112,
    126,
    173,
    85,
    25,
    96,
    44
  ],
  "recovered_key_hex": "F688C823DEFB258C4B707EAD5519602C",
  "poi_half_window": 0,
  "stable_count_vs_n": [
    0,
    0,
    0,
    0,
    1,
    0,
    3,
    16
  ],
  "median_margin_vs_n": [
    0.006962388601143933,
    0.011626711829087581,
    0.0021235001672256365,
    0.0036506642374168063,
    0.0032915187305952442,
    0.0020125984933886103,
    0.0023748293218907295,
    0.0025037590037618462
  ],
  "bytes": [
    {
      "byte": 0,
      "poi": 1742,
      "recovered_key": 246,
      "recovered_key_hex": "F6",
      "score": 0.02253925840553698,
      "top1_over_n": [
        221,
        221,
        173,
        173,
        173,
        173,
        173,
        246
      ],
      "margin_over_n": [
        0.020522585810922395,
        0.02732509190370326,
        0.0012997818303454173,
        0.0079764184155032,
        0.00613304185516092,
        0.0004004389366188202,
        0.00031045914797498547,
        0.0026591927016502634
      ]
    },
    {
      "byte": 1,
      "poi": 1518,
      "recovered_key": 136,
      "recovered_key_hex": "88",
      "score": 0.027427446342010407,
      "top1_over_n": [
        122,
        231,
        122,
        100,
        23,
        97,
        10,
        136
      ],
      "margin_over_n": [
        0.0037545490430815065,
        0.009571610023535904,
        0.006797298618093035,
        0.0004341406371885098,
        0.0015425477214984912,
        0.0031033278510657243,
        0.0010924069843596743,
        0.001077198906755717
      ]
    },
    {
      "byte": 2,
      "poi": 2097,
      "recovered_key": 200,
      "recovered_key_hex": "C8",
      "score": 0.018481768474204432,
      "top1_over_n": [
        169,
        211,
        15,
        44,
        15,
        134,
        200,
        200
      ],
      "margin_over_n": [
        0.0017132454057829927,
        0.018698344899337582,
        0.005170683067694984,
        0.003985289093444241,
        0.002161437445583461,
        0.002076977259748508,
        0.0018407337517424849,
        0.002348325305873429
      ]
    },
    {
      "byte": 3,
      "poi": 1220,
      "recovered_key": 35,
      "recovered_key_hex": "23",
      "score": 0.024216286310440767,
      "top1_over_n": [
        120,
        80,
        80,
        80,
        101,
        23,
        173,
        35
      ],
      "margin_over_n": [
        0.010593447136226924,
        0.006399143613634126,
        0.0008519078961370594,
        0.00527922299216485,
        3.443152314103887e-05,
        0.0057036885076592395,
        0.0025702788522911912,
        0.0037811279944867174
      ]
    },
    {
      "byte": 4,
      "poi": 1248,
      "recovered_key": 222,
      "recovered_key_hex": "DE",
      "score": 0.02256751504047409,
      "top1_over_n": [
        228,
        217,
        253,
        90,
        90,
        90,
        176,
        222
      ],
      "margin_over_n": [
        0.005308771989037522,
        0.013681813634639259,
        0.0028454648726998905,
        0.00417902109039197,
        0.006382329525303002,
        0.0025800617738137056,
        0.0012939448456053514,
        0.001083765739011363
      ]
    },
    {
      "byte": 5,
      "poi": 202,
      "recovered_key": 251,
      "recovered_key_hex": "FB",
      "score": 0.023486151914394723,
      "top1_over_n": [
        252,
        161,
        1,
        5,
        155,
        211,
        116,
        251
      ],
      "margin_over_n": [
        0.00018111008547089247,
        0.014175654558740869,
        7.888174606462267e-05,
        9.766202980429628e-05,
        0.0017274461214396644,
        0.0001810656745986905,
        0.0007396916446825962,
        0.0011532272482808748
      ]
    },
    {
      "byte": 6,
      "poi": 540,
      "recovered_key": 37,
      "recovered_key_hex": "25",
      "score": 0.025336119588294608,
      "top1_over_n": [
        59,
        168,
        168,
        85,
        43,
        43,
        47,
        37
      ],
      "margin_over_n": [
        0.020236668820090564,
        0.005978540241578387,
        0.014302971966460534,
        0.0019794513452978946,
        0.0051453049311617205,
        0.004337840466829515,
        0.002179379791490268,
        0.006660457828773243
      ]
    },
    {
      "byte": 7,
      "poi": 318,
      "recovered_key": 140,
      "recovered_key_hex": "8C",
      "score": 0.025935896387746248,
      "top1_over_n": [
        44,
        47,
        75,
        75,
        75,
        12,
        235,
        140
      ],
      "margin_over_n": [
        0.02402360187880248,
        0.008992355113239585,
        0.00018508354428314888,
        0.010414892572818371,
        0.0024224395183355257,
        7.130105968534972e-05,
        0.004515084204475665,
        0.004686767710899729
      ]
    },
    {
      "byte": 8,
      "poi": 1192,
      "recovered_key": 75,
      "recovered_key_hex": "4B",
      "score": 0.025568943799863145,
      "top1_over_n": [
        86,
        242,
        235,
        235,
        75,
        164,
        75,
        75
      ],
      "margin_over_n": [
        0.008616005213250344,
        0.021860616564945257,
        0.0037474499084914487,
        6.410359820546718e-06,
        0.004087253963240348,
        0.0016514605905396523,
        0.005671354188028596,
        0.004324648109846202
      ]
    },
    {
      "byte": 9,
      "poi": 155,
      "recovered_key": 112,
      "recovered_key_hex": "70",
      "score": 0.02634410380780002,
      "top1_over_n": [
        184,
        160,
        99,
        221,
        221,
        119,
        35,
        112
      ],
      "margin_over_n": [
        0.008974295573212776,
        0.01803084304684531,
        0.00041581562291045926,
        0.0007839726725776333,
        0.006821458699997847,
        0.0019482197270287126,
        0.012620969761990748,
        0.004590020956992263
      ]
    },
    {
      "byte": 10,
      "poi": 1296,
      "recovered_key": 126,
      "recovered_key_hex": "7E",
      "score": 0.02488886409630341,
      "top1_over_n": [
        166,
        166,
        165,
        96,
        191,
        191,
        26,
        126
      ],
      "margin_over_n": [
        0.021457973809489023,
        0.018482669157986367,
        0.0030012023773261787,
        0.013786008442099013,
        0.00043658625635779186,
        0.00140204672805996,
        0.00820122293843132,
        0.0010883220527175344
      ]
    },
    {
      "byte": 11,
      "poi": 272,
      "recovered_key": 173,
      "recovered_key_hex": "AD",
      "score": 0.02400756143193763,
      "top1_over_n": [
        92,
        193,
        80,
        90,
        142,
        254,
        105,
        173
      ],
      "margin_over_n": [
        0.0044679515169010475,
        0.014215010564362973,
        0.00014184640261228482,
        0.0033160393813893713,
        0.002495783497950141,
        0.002829760916742318,
        0.00012923404421493617,
        0.0018852647975142224
      ]
    },
    {
      "byte": 12,
      "poi": 2025,
      "recovered_key": 85,
      "recovered_key_hex": "55",
      "score": 0.02333684406506211,
      "top1_over_n": [
        79,
        134,
        202,
        63,
        219,
        151,
        201,
        85
      ],