{
  "npz": "unknown_blind_20k_aligned.npz",
  "poi_json": "known_noreject_5k_summary.json",
  "n_list": [
    500,
    1000,
    2000,
    3000,
    5000,
    7000,
    10000,
    12000,
    15000,
    18000,
    20000
  ],
  "recovered_key": [
    248,
    49,
    146,
    230,
    134,
    81,
    12,
    80,
    234,
    24,
    159,
    206,
    215,
    171,
    169,
    45
  ],
  "recovered_key_hex": "F83192E686510C50EA189FCED7ABA92D",
  "poi_half_window": 40,
  "stable_count_vs_n": [
    0,
    0,
    0,
    0,
    0,
    2,
    1,
    1,
    4,
    6,
    16
  ],
  "median_margin_vs_n": [
    0.006917807786329708,
    0.005347669717608888,
    0.005161413132267159,
    0.001978989225581325,
    0.0011445813034672535,
    0.0019640048766592054,
    0.0011121178114916024,
    0.0005123424489874885,
    0.0010149966261436376,
    0.001431944683476738,
    0.0024068701144939007
  ],
  "bytes": [
    {
      "byte": 0,
      "poi": 877,
      "recovered_key": 248,
      "recovered_key_hex": "F8",
      "score": 0.030320788411457033,
      "top1_over_n": [
        87,
        105,
        249,
        249,
        198,
        27,
        67,
        27,
        37,
        206,
        248
      ],
      "margin_over_n": [
        0.0044008852342421745,
        0.010625369243428578,
        0.0009283938426226934,
        0.0008534189599382208,
        0.01079539370288294,
        0.011120300430066968,
        0.0005512058962092239,
        0.00015363322397254214,
        0.0007495839090266021,
        0.00015078685816791865,
        0.001469348660449607
      ]
    },
    {
      "byte": 1,
      "poi": 3508,
      "recovered_key": 49,
      "recovered_key_hex": "31",
      "score": 0.03218277733690145,
      "top1_over_n": [
        55,
        88,
        211,
        122,
        194,
        24,
        115,
        95,
        227,
        138,
        49
      ],
      "margin_over_n": [
        0.01720962447169111,
        0.0025255458390889274,
        0.01393549904369877,
        0.001091086221115839,
        0.0009238977618655914,
        0.000318401783207585,
        0.00041834348774503344,
        0.00038313116127058205,
        0.0006694367948907216,
        0.0013628942924751655,
        0.004175085414241164
      ]
    },
    {
      "byte": 2,
      "poi": 2670,
      "recovered_key": 146,
      "recovered_key_hex": "92",
      "score": 0.03428349538826041,
      "top1_over_n": [
        94,
        12,
        217,
        251,
        246,
        82,
        212,
        213,
        146,
        146,
        146
      ],
      "margin_over_n": [
        0.005490146356680964,
        0.00030585340502495284,
        0.004002040894535805,
        0.002061537244914896,
        0.0002445767463883364,
        0.0008865114254002007,
        0.005344668456383449,
        0.0010062467878599948,
        0.003950905865456204,
        0.0020001720125956274,
        0.003163117254092001
      ]
    },
    {
      "byte": 3,
      "poi": 1940,
      "recovered_key": 230,
      "recovered_key_hex": "E6",
      "score": 0.03166383155427052,
      "top1_over_n": [
        108,
        212,
        190,
        51,
        4,
        217,
        93,
        91,
        230,
        250,
        230
      ],
      "margin_over_n": [
        0.004170768550505022,
        0.007248568505017053,
        0.005564484875077089,
        0.0007377738854261184,
        7.25708877254913e-05,
        0.0034182028059721453,
        0.0004969501149909086,
        0.0009545259784196555,
        0.0007846595237866703,
        0.00013444643888696137,
        0.004394369817824057
      ]
    },
    {
      "byte": 4,
      "poi": 2845,
      "recovered_key": 134,
      "recovered_key_hex": "86",
      "score": 0.032603255265403634,
      "top1_over_n": [
        133,
        79,
        248,
        169,
        41,
        134,
        134,
        239,
        134,
        30,
        134
      ],
      "margin_over_n": [
        0.04736821567788291,
        0.004238066983793504,
        0.001985200663227188,
        0.0025721674629832214,
        0.005865139688219369,
        0.0024494862118814506,
        0.0034418395853048622,
        0.0005298279992296887,
        0.0034168370275654836,
        0.0024329347408716985,
        0.002712800483296942
      ]
    },
    {
      "byte": 5,
      "poi": 120,
      "recovered_key": 81,
      "recovered_key_hex": "51",
      "score": 0.03137510984718276,
      "top1_over_n": [
        238,
        199,
        223,
        62,
        241,
        241,
        104,
        241,
        104,
        81,
        81
      ],
      "margin_over_n": [
        0.029418590562697466,
        0.0006412359293918729,
        0.019611924315886542,
        0.0024583725877908996,
        0.0012523998798375444,
        0.006321591000192875,
        0.000996478789222273,
        0.0023254326064160863,
        0.0006903392131692512,
        0.002884050574055514,
        0.0021009397456908593
      ]
    },
    {
      "byte": 6,
      "poi": 1373,
      "recovered_key": 12,
      "recovered_key_hex": "0C",
      "score": 0.028966167791888615,
      "top1_over_n": [
        15,
        66,
        234,
        240,
        22,
        222,
        222,
        222,
        222,
        173,
        12
      ],
      "margin_over_n": [
        0.013419702425040203,
        0.006854110449745279,
        0.0008971041520865891,
        0.003294330932048714,
        0.0012901604969576957,
        0.014529407489509427,
        0.002564725024713818,
        0.0004948568987452884,
        0.001007351951358669,
        0.00040284603944461955,
        0.00013660536973121584
      ]
    },
    {
      "byte": 7,
      "poi": 2194,
      "recovered_key": 80,
      "recovered_key_hex": "50",
      "score": 0.03468161379722433,
      "top1_over_n": [
        61,
        249,
        249,
        228,
        156,
        168,
        49,
        71,
        7,
        80,
        80
      ],
      "margin_over_n": [
        0.008077182593700188,
        0.00276896714162167,
        0.011972389615779788,
        0.0007474152597017059,
        0.003776742841434297,
        0.0034157785214456726,
        0.000280827526279101,
        9.956643717205088e-05,
        0.0001790270067878394,
        0.005836191651609937,
        0.004255637117193633
      ]
    },
    {
      "byte": 8,
      "poi": 1939,
      "recovered_key": 234,
      "recovered_key_hex": "EA",
      "score": 0.026495061351570433,
      "top1_over_n": [
        6,
        221,
        19,
        38,
        1,
        202,
        89,
        123,
        165,
        123,
        234
      ],
      "margin_over_n": [
        0.001022867266760985,
        0.0034917315495964912,
        0.0035993795124176636,
        0.01491724203961095,
        0.0008708467883856152,
        0.005546636745448044,
        0.0001502045071425026,
        0.000985493434784289,
        0.0009410359122954889,
        0.0011635496781983792,
        0.00059544811765809
      ]
    },
    {
      "byte": 9,
      "poi": 3747,
      "recovered_key": 24,
      "recovered_key_hex": "18",
      "score": 0.028478210639649275,
      "top1_over_n": [
        88,
        221,
        32,
        85,
        62,
        212,
        131,
        216,
        216,
        145,
        24
      ],
      "margin_over_n": [
        0.005858694316013741,
        0.0018070515985896818,
        0.0002695053564730904,
        0.003659005945114119,
        0.0032074233259566168,
        0.0014785235414369602,
        0.0009001401107014279,
        0.0016092640307471193,
        0.0006463405198921454,
        0.00019321232363064475,
        0.0018179018207619656
      ]
    },
    {
      "byte": 10,
      "poi": 3756,
      "recovered_key": 159,
      "recovered_key_hex": "9F",
      "score": 0.02977460485003633,