{
  "npz": "unknown_B_attack15k_nokey.npz",
  "poi_json": "unknown_B_calib5k_known_poi_summary.json",
  "n_list": [
    500,
    1000,
    2000,
    3000,
    5000,
    7000,
    10000,
    15000
  ],
  "recovered_key": [
    190,
    212,
    21,
    226,
    204,
    10,
    208,
    24,
    119,
    167,
    74,
    53,
    68,
    72,
    7,
    78
  ],
  "recovered_key_hex": "BED415E2CC0AD01877A74A354448074E",
  "poi_half_window": 20,
  "stable_count_vs_n": [
    0,
    0,
    0,
    0,
    1,
    1,
    2,
    16
  ],
  "median_margin_vs_n": [
    0.006133532946139955,
    0.0021526099945554378,
    0.0024370003186432176,
    0.0036215659949121876,
    0.0027742228737294462,
    0.0019137271838557714,
    0.0017876622530338948,
    0.0011179403499189545
  ],
  "bytes": [
    {
      "byte": 0,
      "poi": 1219,
      "recovered_key": 190,
      "recovered_key_hex": "BE",
      "score": 0.0344325527083801,
      "top1_over_n": [
        180,
        37,
        26,
        96,
        175,
        140,
        224,
        190
      ],
      "margin_over_n": [
        0.018945120746339167,
        0.002353194886031182,
        0.0038644498822803103,
        0.0003580616596746411,
        0.0002031147234909103,
        0.0018604880540593408,
        0.000369121244474184,
        0.003514310365819038
      ]
    },
    {
      "byte": 1,
      "poi": 3628,
      "recovered_key": 212,
      "recovered_key_hex": "D4",
      "score": 0.032824597084326466,
      "top1_over_n": [
        150,
        6,
        243,
        200,
        85,
        40,
        133,
        212
      ],
      "margin_over_n": [
        0.033254145821398545,
        0.00042114074765164933,
        0.0021462688214487075,
        0.005930089283832957,
        0.002752317109937445,
        0.006387204140542398,
        0.0014408589578460626,
        0.000905087552822946
      ]
    },
    {
      "byte": 2,
      "poi": 713,
      "recovered_key": 21,
      "recovered_key_hex": "15",
      "score": 0.032276917057693325,
      "top1_over_n": [
        208,
        148,
        244,
        87,
        185,
        14,
        129,
        21
      ],
      "margin_over_n": [
        0.014312349834421312,
        0.0009622769250557939,
        0.011540726962913264,
        0.004779846877659019,
        0.006399555984893675,
        0.0026947009792006454,
        0.002509945429430775,
        3.791085271306199e-05
      ]
    },
    {
      "byte": 3,
      "poi": 1222,
      "recovered_key": 226,
      "recovered_key_hex": "E2",
      "score": 0.0361153615166226,
      "top1_over_n": [
        139,
        114,
        171,
        138,
        226,
        182,
        91,
        226
      ],
      "margin_over_n": [
        0.011763680406007976,
        0.0003411311623316704,
        0.00028733733216580737,
        0.0005309451250568448,
        0.008411763159070142,
        0.0017407907390613597,
        0.0024868954100874946,
        0.00538838993430937
      ]
    },
    {
      "byte": 4,
      "poi": 2338,
      "recovered_key": 204,
      "recovered_key_hex": "CC",
      "score": 0.03182654483773865,
      "top1_over_n": [
        193,
        49,
        143,
        228,
        143,
        161,
        107,
        204
      ],
      "margin_over_n": [
        0.0014127490965106515,
        0.0019520251030796937,
        0.002727731815837728,
        0.005055714806139741,
        0.0027961286375214472,
        0.005339943473408819,
        0.002134465548221727,
        0.0008421615265233502
      ]
    },
    {
      "byte": 5,
      "poi": 102,
      "recovered_key": 10,
      "recovered_key_hex": "0A",
      "score": 0.03173290189458194,
      "top1_over_n": [
        53,
        189,
        152,
        6,
        6,
        31,
        247,
        10
      ],
      "margin_over_n": [
        0.002581160858065923,
        0.0007825362639039823,
        0.0011653593470034446,
        0.001614590797000992,
        0.0002007261297361021,
        0.002187000046524404,
        0.0022005712868622546,
        0.0010250378956015126
      ]
    },
    {
      "byte": 6,
      "poi": 512,
      "recovered_key": 208,
      "recovered_key_hex": "D0",
      "score": 0.033541253013203765,
      "top1_over_n": [
        123,
        87,
        188,
        134,
        235,
        235,
        194,
        208
      ],
      "margin_over_n": [
        0.011799487500657985,
        0.009841756474580493,
        0.00020356874953074422,
        0.0018099433649920449,
        0.005646387916653457,
        0.002269986543858099,
        0.0033519018233088838,
        0.0031959879937443515
      ]
    },
    {
      "byte": 7,
      "poi": 1594,
      "recovered_key": 24,
      "recovered_key_hex": "18",
      "score": 0.03418875924902667,
      "top1_over_n": [
        240,
        46,
        240,
        107,
        78,
        67,
        187,
        24
      ],
      "margin_over_n": [
        0.011829329713666875,
        0.0014131261172033033,
        0.005757683524142979,
        0.0005166769611888583,
        0.005954588194552114,
        0.001966966313652202,
        0.00037721642096171654,
        0.0008870944422130975
      ]
    },
    {
      "byte": 8,
      "poi": 2386,
      "recovered_key": 119,
      "recovered_key_hex": "77",
      "score": 0.032181969675501444,
      "top1_over_n": [
        83,
        224,
        224,
        238,
        140,
        95,
        32,
        119
      ],
      "margin_over_n": [
        0.004487636148444302,
        0.01929182258654147,
        0.012939430820584588,
        0.0013902279377527305,
        0.002101521298786574,
        0.00043552901905220126,
        3.734540849135992e-05,
        0.00032230148530073416
      ]
    },
    {
      "byte": 9,
      "poi": 306,
      "recovered_key": 167,
      "recovered_key_hex": "A7",
      "score": 0.03203731036057164,
      "top1_over_n": [
        52,
        206,
        185,
        145,
        43,
        248,
        43,
        167
      ],
      "margin_over_n": [
        0.0038845528655633565,
        0.0070592287562399325,
        0.004624999425622098,
        0.004862993211959377,
        0.009808090551871651,
        0.0007524156337157667,
        7.353665512824237e-05,
        0.0008103388356246119
      ]
    },
    {
      "byte": 10,
      "poi": 3131,
      "recovered_key": 74,
      "recovered_key_hex": "4A",
      "score": 0.037264674992845075,
      "top1_over_n": [
        218,
        64,
        229,
        229,
        62,
        163,
        15,
        74
      ],
      "margin_over_n": [
        0.016882720352585312,
        0.001419960263098749,
        0.0019137132442629684,
        0.008798083001600204,
        0.005754990551778458,
        0.0020777564705948964,
        0.004797040114100995,
        0.007868335634440806
      ]
    },
    {
      "byte": 11,
      "poi": 1491,
      "recovered_key": 53,
      "recovered_key_hex": "35",
      "score": 0.03392521958829952,
      "top1_over_n": [
        93,
        158,
        187,
        4,
        212,
        212,
        128,
        53
      ],
      "margin_over_n": [
        0.0042749250646424986,
        0.002828600567493761,
        0.002760925470497777,
        0.004374132788013324,
        0.00011301674633219794,
        0.0036136127689960287,
        0.002721095231441123,
        0.002870934330880707
      ]
    },
    {
      "byte": 12,
      "poi": 2479,
      "recovered_key": 68,
      "recovered_key_hex": "44",
      "score": 0.035672425508656826,
      "top1_over_n": [
        255,
        32,
        245,
        245,
        227,
        44,
        68,
        68
      ],