{
  "npz": "unknown_onebyte_20k_strict.npz",
  "poi_json": "sanity_known_5k_summary.json",
  "n_list": [
    500,
    1000,
    2000,
    3000,
    5000,
    7000,
    10000,
    12000,
    15000,
    18000,
    20000
  ],
  "recovered_key": [
    226,
    105,
    13,
    168,
    168,
    33,
    55,
    110,
    51,
    134,
    204,
    185,
    144,
    97,
    42,
    25
  ],
  "recovered_key_hex": "E2690DA8A821376E3386CCB990612A19",
  "stable_count_vs_n": [
    0,
    1,
    0,
    0,
    0,
    2,
    3,
    3,
    6,
    9,
    16
  ],
  "median_margin_vs_n": [
    0.006926190515107553,
    0.007914158290674392,
    0.0032146266074690073,
    0.004957897315371641,
    0.002499206088980136,
    0.001456690301459368,
    0.0019022348026810163,
    0.002312166115259971,
    0.0018297896291211528,
    0.0017536888230184032,
    0.0017895749523814466
  ],
  "bytes": [
    {
      "byte": 0,
      "poi": 483,
      "recovered_key": 226,
      "recovered_key_hex": "E2",
      "score": 0.01697102020331412,
      "top1_over_n": [
        204,
        0,
        140,
        1,
        1,
        226,
        226,
        226,
        129,
        129,
        226
      ],
      "margin_over_n": [
        0.0006158915601948839,
        0.0050295816527638065,
        0.004140453013950732,
        0.004790394680657208,
        0.005424786136651719,
        0.0018504507180911699,
        0.003024565520218816,
        0.0016751308777914892,
        0.00011496476684554405,
        0.0008848078603372611,
        0.0011690099506101864
      ]
    },
    {
      "byte": 1,
      "poi": 3243,
      "recovered_key": 105,
      "recovered_key_hex": "69",
      "score": 0.02066028951091717,
      "top1_over_n": [
        159,
        125,
        90,
        90,
        90,
        90,
        90,
        90,
        105,
        105,
        105
      ],
      "margin_over_n": [
        0.02226249794211463,
        0.013067021731765743,
        0.0064057470020732615,
        0.005447634194950063,
        0.0024354121479664703,
        0.00033872463140116604,
        0.007284507379865385,
        0.0019730840781573417,
        0.0018748295215149022,
        0.0006256302143735071,
        0.001329213297155598
      ]
    },
    {
      "byte": 2,
      "poi": 160,
      "recovered_key": 13,
      "recovered_key_hex": "0D",
      "score": 0.0184042820306653,
      "top1_over_n": [
        26,
        26,
        188,
        243,
        143,
        15,
        234,
        234,
        234,
        234,
        13
      ],
      "margin_over_n": [
        0.0034989092231177965,
        0.04312876178767569,
        0.005867470480107523,
        0.0010244470093437041,
        0.002563000029993802,
        0.00045640797242449405,
        0.0013320531931599426,
        0.004442437364323128,
        0.0046925055133795295,
        0.0015589313115491159,
        0.00048773491401759086
      ]
    },
    {
      "byte": 3,
      "poi": 1088,
      "recovered_key": 168,
      "recovered_key_hex": "A8",
      "score": 0.01911531860672928,
      "top1_over_n": [
        13,
        220,
        34,
        166,
        166,
        166,
        245,
        245,
        168,
        37,
        168
      ],
      "margin_over_n": [
        0.0069906905605141845,
        0.0007486159589166763,
        0.00320341316929966,
        0.005125399950086075,
        0.0025829928826279144,
        0.00502455119830441,
        0.0003026880241102474,
        0.0038606441221559103,
        0.0019918187428642105,
        0.002419608695094687,
        0.0007989439731939732
      ]
    },
    {
      "byte": 4,
      "poi": 3884,
      "recovered_key": 168,
      "recovered_key_hex": "A8",
      "score": 0.02200126020350303,
      "top1_over_n": [
        31,
        89,
        54,
        54,
        124,
        184,
        124,
        124,
        168,
        168,
        168
      ],
      "margin_over_n": [
        0.006605729169211122,
        0.0007618735117704556,
        0.007055932003901269,
        0.003535420176366093,
        0.002002227019110167,
        0.0032092852126849626,
        0.006931570883582851,
        0.003659521923785096,
        0.0015056454964601923,
        0.0014163411032356958,
        0.0037277158369526074
      ]
    },
    {
      "byte": 5,
      "poi": 3284,
      "recovered_key": 33,
      "recovered_key_hex": "21",
      "score": 0.021648619297913414,
      "top1_over_n": [
        53,
        194,
        172,
        143,
        137,
        137,
        73,
        73,
        180,
        33,
        33
      ],
      "margin_over_n": [
        0.0020132110390029545,
        0.0068072812883256395,
        0.0019457757737975714,
        0.005322935665691288,
        0.003305026248788659,
        0.0004254378762725136,
        0.004740273562302642,
        0.0013387843728506488,
        0.0008426181835481557,
        9.429381837018289e-05,
        0.0044668581825761215
      ]
    },
    {
      "byte": 6,
      "poi": 3624,
      "recovered_key": 55,
      "recovered_key_hex": "37",
      "score": 0.024349831098500203,
      "top1_over_n": [
        127,
        133,
        213,
        225,
        209,
        209,
        55,
        174,
        174,
        55,
        55
      ],
      "margin_over_n": [
        0.003933838458602651,
        0.027967669895898925,
        0.0005010987288547875,
        0.0012749761078271957,
        0.00047712777541336626,
        9.916250480075661e-05,
        0.003991848256388691,
        0.003815518632341211,
        0.003440502637084907,
        0.00267571804686427,
        0.0013813043182488577
      ]
    },
    {
      "byte": 7,
      "poi": 3546,
      "recovered_key": 110,
      "recovered_key_hex": "6E",
      "score": 0.021010423456733294,
      "top1_over_n": [
        240,
        11,
        36,
        36,
        36,
        182,
        182,
        97,
        200,
        110,
        110
      ],
      "margin_over_n": [
        0.014325832849001657,
        0.019897907451095917,
        0.020794366974338577,
        0.0030542818795034343,
        0.0024014688711657753,
        0.0014535879803612775,
        0.00040836837063776624,
        0.00044880995524675463,
        0.0009691326165349526,
        0.0019484463344876905,
        0.004077743683907439
      ]
    },
    {
      "byte": 8,
      "poi": 3078,
      "recovered_key": 51,
      "recovered_key_hex": "33",
      "score": 0.027057563897636742,
      "top1_over_n": [
        135,
        123,
        102,
        102,
        102,
        119,
        127,
        127,
        51,
        51,
        51
      ],
      "margin_over_n": [
        0.009317900243917682,
        9.377312823323491e-05,
        0.0019202782747401587,
        0.017746572232953964,
        0.006167990303379618,
        0.00280970373968234,
        0.0011930074622233562,
        0.002041976965946612,
        0.00014108885742350127,
        0.0007355565974273559,
        0.005407717127079648
      ]
    },
    {
      "byte": 9,
      "poi": 54,
      "recovered_key": 134,
      "recovered_key_hex": "86",
      "score": 0.017817308951774878,
      "top1_over_n": [
        44,
        44,
        44,
        44,
        225,
        198,
        147,
        252,
        198,
        198,
        134
      ],
      "margin_over_n": [
        0.022599806345700524,
        0.010927845460761351,
        0.00414228202506757,
        0.016308336887029727,
        0.0003614189801279949,
        0.0014293788789188563,
        0.0009773501147973887,
        0.00258235526457333,
        0.002098430163017133,
        0.0026940387183189904,
        0.0003890670944956022
      ]
    },
    {
      "byte": 10,
      "poi": 333,
      "recovered_key": 204,
      "recovered_key_hex": "CC",
      "score": 0.02700788561319789,