{
  "dataset": "profile_multisession_b00_hw.npz",
  "n_total": 15000,
  "n_train": 10500,
  "n_val": 2250,
  "n_test": 2250,
  "n_classes": 9,
  "poi": 400,
  "h1": 512,
  "h2": 256,
  "dropout": 0.1,
  "epochs": 120,
  "batch_size": 256,
  "lr": 0.001,
  "l2": 1e-05,
  "patience": 20,
  "best_val_acc1": 0.25155555555555553,
  "test_acc1": 0.24711111111111111,
  "test_acc5": 0.9128888888888889
}