{
  "npz": "unknown_new_20k_aligned_blind_nokey.npz",
  "poi_json": "unknown_win_50_1200_summary.json",
  "n_list": [
    500,
    1000,
    2000,
    3000,
    5000,
    7000,
    10000,
    20000
  ],
  "recovered_key": [
    114,
    193,
    195,
    96,
    110,
    184,
    244,
    120,
    104,
    186,
    26,
    40,
    173,
    247,
    227,
    43
  ],
  "recovered_key_hex": "72C1C3606EB8F47868BA1A28ADF7E32B",
  "poi_half_window": 0,
  "stable_count_vs_n": [
    0,
    0,
    0,
    0,
    0,
    1,
    2,
    16
  ],
  "median_margin_vs_n": [
    0.010654130851392135,
    0.005589599510704167,
    0.005885323743124199,
    0.0024920023192577766,
    0.0018277145208160754,
    0.004162905797619682,
    0.0017817640080566959,
    0.0009408459283543492
  ],
  "bytes": [
    {
      "byte": 0,
      "poi": 877,
      "recovered_key": 114,
      "recovered_key_hex": "72",
      "score": 0.016840719036308415,
      "top1_over_n": [
        18,
        60,
        232,
        129,
        232,
        232,
        12,
        114
      ],
      "margin_over_n": [
        1.8827706141019696e-05,
        0.0006374007213191951,
        0.00025734984290713,
        0.0023339496424698847,
        0.012244546560478235,
        0.00172888383356367,
        0.0027962818559369024,
        0.0001326833413700726
      ]
    },
    {
      "byte": 1,
      "poi": 369,
      "recovered_key": 193,
      "recovered_key_hex": "C1",
      "score": 0.021390063483416568,
      "top1_over_n": [
        63,
        63,
        49,
        150,
        63,
        227,
        237,
        193
      ],
      "margin_over_n": [
        0.015604896861856302,
        0.008339936379726048,
        0.0040429534591538835,
        0.003619262576254917,
        0.0011869449798337928,
        0.009415267190753102,
        0.0003533252507198874,
        0.0008374313424735838
      ]
    },
    {
      "byte": 2,
      "poi": 651,
      "recovered_key": 195,
      "recovered_key_hex": "C3",
      "score": 0.019085978683719064,
      "top1_over_n": [
        149,
        95,
        229,
        62,
        62,
        30,
        30,
        195
      ],
      "margin_over_n": [
        0.007581188523101995,
        0.030499204486700474,
        0.005178848415496304,
        0.002180356321508571,
        0.0032504948364559458,
        0.0017417421912762215,
        0.0015350048782224665,
        0.0008689134893533519
      ]
    },
    {
      "byte": 3,
      "poi": 930,
      "recovered_key": 96,
      "recovered_key_hex": "60",
      "score": 0.019076298109314445,
      "top1_over_n": [
        47,
        88,
        47,
        47,
        178,
        178,
        202,
        96
      ],
      "margin_over_n": [
        0.005774860279087385,
        0.002884686856845134,
        0.006591799070752094,
        0.008351749192502513,
        0.0012537845597499833,
        0.012398466201097809,
        0.0028322477139906786,
        0.0002561380853482974
      ]
    },
    {
      "byte": 4,
      "poi": 245,
      "recovered_key": 110,
      "recovered_key_hex": "6E",
      "score": 0.023188164535962945,
      "top1_over_n": [
        88,
        109,
        185,
        88,
        188,
        188,
        206,
        110
      ],
      "margin_over_n": [
        0.003655494500143422,
        0.0015813300488905224,
        0.0072387927382303804,
        0.0026500549960456685,
        0.0002114556582982624,
        0.007577276369860889,
        0.0007611922024740522,
        0.0009383338371907989
      ]
    },
    {
      "byte": 5,
      "poi": 889,
      "recovered_key": 184,
      "recovered_key_hex": "B8",
      "score": 0.026767233598492444,
      "top1_over_n": [
        21,
        74,
        185,
        60,
        99,
        184,
        184,
        184
      ],
      "margin_over_n": [
        0.001698384685463697,
        0.004335755899050747,
        0.011176702762057164,
        0.001022375652129398,
        0.0016874654303668385,
        0.0029942725085375065,
        0.003807274964377841,
        0.00980984767793993
      ]
    },
    {
      "byte": 6,
      "poi": 1073,
      "recovered_key": 244,
      "recovered_key_hex": "F4",
      "score": 0.018550823215109445,
      "top1_over_n": [
        49,
        49,
        181,
        200,
        29,
        29,
        29,
        244
      ],
      "margin_over_n": [
        0.044144679289188554,
        0.03004691493035261,
        0.007912928842487302,
        0.004198918075558319,
        0.00450887405520968,
        0.01335610053301671,
        0.011778109920095488,
        0.0009433580195178995
      ]
    },
    {
      "byte": 7,
      "poi": 703,
      "recovered_key": 120,
      "recovered_key_hex": "78",
      "score": 0.023346033287475282,
      "top1_over_n": [
        96,
        184,
        96,
        96,
        184,
        93,
        27,
        120
      ],
      "margin_over_n": [
        0.007883789024471094,
        0.0012678304878041419,
        0.01380646999564604,
        0.005565328230442354,
        0.006092239051959436,
        0.005908602709407726,
        0.0008636624666894903,
        0.00515784688051376
      ]
    },
    {
      "byte": 8,
      "poi": 1097,
      "recovered_key": 104,
      "recovered_key_hex": "68",
      "score": 0.026227284426677534,
      "top1_over_n": [
        122,
        122,
        122,
        79,
        115,
        153,
        197,
        104
      ],
      "margin_over_n": [
        0.029739720854203983,
        0.03137421765253602,
        0.009315987214111685,
        0.0014783212368368187,
        0.003055650289640964,
        0.0018054638932459288,
        0.005422687225668334,
        0.005053137600728192
      ]
    },
    {
      "byte": 9,
      "poi": 367,
      "recovered_key": 186,
      "recovered_key_hex": "BA",
      "score": 0.03535033436647981,
      "top1_over_n": [
        17,
        27,
        129,
        170,
        132,
        133,
        186,
        186
      ],
      "margin_over_n": [
        0.013424472678313176,
        0.0001788328716127302,
        0.002550502203179539,
        0.0005895330218661857,
        0.0019679636112653123,
        0.0016736888724535812,
        0.004662233280239118,
        0.013791295300699436
      ]
    },
    {
      "byte": 10,
      "poi": 328,
      "recovered_key": 26,
      "recovered_key_hex": "1A",
      "score": 0.020434255344790143,
      "top1_over_n": [
        170,
        25,
        176,
        176,
        145,
        156,
        19,
        26
      ],
      "margin_over_n": [
        0.004733240823194873,
        0.004442049881909091,
        0.0022126951609473255,
        0.0004923840075223562,
        0.0012816682056445011,
        0.004875643154598874,
        0.00026657083579731747,
        0.0004942684565272283
      ]
    },
    {
      "byte": 11,
      "poi": 846,
      "recovered_key": 40,
      "recovered_key_hex": "28",
      "score": 0.02312326485366594,
      "top1_over_n": [
        113,
        193,
        5,
        195,
        5,
        5,
        5,
        40
      ],
      "margin_over_n": [
        0.015009461328877205,
        0.006737149139499243,
        0.0045448113040369165,
        0.00733582885173302,
        0.005962137933758348,
        0.000967553896523074,
        0.0013615514640683696,
        0.0002540089137946823
      ]
    },
    {
      "byte": 12,
      "poi": 349,
      "recovered_key": 173,
      "recovered_key_hex": "AD",
      "score": 0.02021332310564511,
      "top1_over_n": [
        81,
        154,
        77,
        42,
        20,
        72,
        72,
        173
      ],
      "margin_over_n": [
        0.0026159639929991124,
        0.0017007882866009322,
        0.00458624433788575,
        0.007444325161688942,
        0.003384351412328908,
        0.004846872578358894,
        0.0008593938476880482,
        5.92779613043902e-05
      ]
    },
    {
      "byte": 13,