{
  "npz": "unknown_new_20k_aligned_blind_nokey.npz",
  "poi_json": "blind_strict_poi0_summary.json",
  "n_list": [
    500,
    1000,
    2000,
    3000,
    5000,
    7000,
    10000,
    20000
  ],
  "recovered_key": [
    138,
    141,
    11,
    232,
    155,
    129,
    255,
    64,
    169,
    99,
    45,
    123,
    2,
    139,
    76,
    64
  ],
  "recovered_key_hex": "8A8D0BE89B81FF40A9632D7B028B4C40",
  "poi_half_window": 0,
  "stable_count_vs_n": [
    1,
    1,
    0,
    1,
    2,
    2,
    3,
    16
  ],
  "median_margin_vs_n": [
    0.010496019044474537,
    0.009893516254562175,
    0.004371712248752858,
    0.0035073498783247253,
    0.0030112639544852306,
    0.0018619357878202902,
    0.0031440692509330185,
    0.0014378549629939143
  ],
  "bytes": [
    {
      "byte": 0,
      "poi": 779,
      "recovered_key": 138,
      "recovered_key_hex": "8A",
      "score": 0.022558397730711797,
      "top1_over_n": [
        238,
        238,
        191,
        45,
        45,
        51,
        137,
        138
      ],
      "margin_over_n": [
        0.03156163111180377,
        0.02396306436636987,
        0.007654631468760081,
        0.0010688830643433775,
        0.004058152680260281,
        0.0008445362040711626,
        0.002066783973542083,
        0.00021979121364780127
      ]
    },
    {
      "byte": 1,
      "poi": 2619,
      "recovered_key": 141,
      "recovered_key_hex": "8D",
      "score": 0.02305226278596658,
      "top1_over_n": [
        3,
        224,
        224,
        224,
        117,
        59,
        127,
        141
      ],
      "margin_over_n": [
        0.014026289896569372,
        0.01440324976861207,
        0.005373923855609315,
        0.0031839791767061254,
        0.0006327301882728259,
        0.0008241323295812078,
        0.005550255148740208,
        0.0041164365130106
      ]
    },
    {
      "byte": 2,
      "poi": 1023,
      "recovered_key": 11,
      "recovered_key_hex": "0B",
      "score": 0.022009632115967247,
      "top1_over_n": [
        137,
        137,
        140,
        177,
        227,
        4,
        4,
        11
      ],
      "margin_over_n": [
        0.007574950283018925,
        0.010142150773611788,
        0.006363131418559584,
        0.0015094330482975787,
        0.004073663827149979,
        0.001799889607862943,
        0.0009956000072073104,
        0.005937313828069574
      ]
    },
    {
      "byte": 3,
      "poi": 204,
      "recovered_key": 232,
      "recovered_key_hex": "E8",
      "score": 0.022043289703810583,
      "top1_over_n": [
        54,
        141,
        141,
        28,
        88,
        13,
        88,
        232
      ],
      "margin_over_n": [
        0.03372362997111873,
        0.006745700137057317,
        0.004227463081947325,
        0.004865217080516598,
        6.471113901844461e-05,
        0.0034598804132471295,
        0.005386116574953043,
        6.927018598065424e-05
      ]
    },
    {
      "byte": 4,
      "poi": 2466,
      "recovered_key": 155,
      "recovered_key_hex": "9B",
      "score": 0.017531975597289008,
      "top1_over_n": [
        27,
        195,
        226,
        206,
        205,
        219,
        219,
        155
      ],
      "margin_over_n": [
        0.013495066755513499,
        0.009644881735512562,
        0.00235320380992686,
        5.103817017373946e-05,
        0.002503113442811733,
        0.0008210096252022625,
        0.0037211093576417185,
        4.628062751127482e-05
      ]
    },
    {
      "byte": 5,
      "poi": 1871,
      "recovered_key": 129,
      "recovered_key_hex": "81",
      "score": 0.01937952591160235,
      "top1_over_n": [
        140,
        207,
        22,
        22,
        159,
        249,
        24,
        129
      ],
      "margin_over_n": [
        0.03962156441367187,
        0.002360443726691794,
        0.0015049818484398347,
        0.0012140091040400633,
        0.00378259541956924,
        0.0020010404029428552,
        0.0024326457766660203,
        0.0026700760722616207
      ]
    },
    {
      "byte": 6,
      "poi": 2746,
      "recovered_key": 255,
      "recovered_key_hex": "FF",
      "score": 0.022461156558622596,
      "top1_over_n": [
        163,
        114,
        248,
        176,
        254,
        248,
        25,
        255
      ],
      "margin_over_n": [
        0.007739937652328638,
        0.0037192517696578026,
        0.0059463677230130255,
        0.0032479015889110077,
        0.0001922733589917458,
        0.000273607193871931,
        0.000562208965973976,
        0.0029173443797864337
      ]
    },
    {
      "byte": 7,
      "poi": 3274,
      "recovered_key": 64,
      "recovered_key_hex": "40",
      "score": 0.01998392313438204,
      "top1_over_n": [
        254,
        98,
        101,
        20,
        149,
        149,
        20,
        64
      ],
      "margin_over_n": [
        0.0202716080053639,
        0.023602373515610772,
        0.0058425064904013,
        0.003766798167738443,
        0.00044947164362020564,
        0.0019239819677776375,
        0.004427005191263125,
        0.0007515077584802216
      ]
    },
    {
      "byte": 8,
      "poi": 802,
      "recovered_key": 169,
      "recovered_key_hex": "A9",
      "score": 0.018424017311179583,
      "top1_over_n": [
        147,
        111,
        215,
        224,
        59,
        5,
        5,
        169
      ],
      "margin_over_n": [
        0.012324762789438587,
        0.006483431487650945,
        0.004515961415558392,
        0.005423918955002438,
        0.003362912167900488,
        0.011243245832666234,
        0.009302461784239359,
        0.0006715625746451653
      ]
    },
    {
      "byte": 9,
      "poi": 2692,
      "recovered_key": 99,
      "recovered_key_hex": "63",
      "score": 0.020183903741355532,
      "top1_over_n": [
        167,
        167,
        152,
        152,
        118,
        118,
        118,
        99
      ],
      "margin_over_n": [
        0.020064504693535934,
        0.014370659969572902,
        0.014232629717884804,
        0.007356010655259079,
        0.0029171502333566537,
        0.008273037434412253,
        0.0011924456751770882,
        0.0001814712379436291
      ]
    },
    {
      "byte": 10,
      "poi": 2208,
      "recovered_key": 45,
      "recovered_key_hex": "2D",
      "score": 0.020232580218567747,
      "top1_over_n": [
        45,
        107,
        231,
        45,
        45,
        45,
        45,
        45
      ],
      "margin_over_n": [
        0.008667275299510488,
        0.011459135157395231,
        0.002429027559211143,
        0.004347030622830914,
        0.009242029292214689,
        0.012868778900505522,
        0.010578968547514809,
        0.002302087583778957
      ]
    },
    {
      "byte": 11,
      "poi": 571,
      "recovered_key": 123,
      "recovered_key_hex": "7B",
      "score": 0.019324835701314737,
      "top1_over_n": [
        34,
        142,
        34,
        240,
        240,
        240,
        240,
        123
      ],
      "margin_over_n": [
        0.0002664256524906594,
        0.01375329981840144,
        0.0011271292149198225,
        0.010005154725147201,
        0.0005331757630427647,
        0.00160667497693507,
        0.0036544233750887244,
        0.0012453791951488949
      ]
    },
    {
      "byte": 12,
      "poi": 2185,
      "recovered_key": 2,
      "recovered_key_hex": "02",
      "score": 0.021066008417439077,
      "top1_over_n": [
        207,
        104,
        162,
        249,
        253,
        236,
        252,
        2
      ],
      "margin_over_n": [
        0.003360451439497175,
        0.0007023427524388837,
        0.0032951285357391835,
        0.0025571870324984716,
        0.0031053776756138074,
        0.001488310894560814,
        0.0013128316332751896,
        0.0011217495095179747
      ]
    },
    {
      "byte": 13,