{
  "npz": "aes_unknown_20k.npz",
  "poi_json": "aes_2204_20k_summary.json",
  "n_list": [
    500,
    1000,
    2000,
    3000,
    5000,
    7000,
    10000,
    12000,
    15000,
    18000,
    20000
  ],
  "recovered_key": [
    13,
    26,
    5,
    19,
    8,
    213,
    166,
    119,
    186,
    217,
    228,
    205,
    56,
    170,
    165,
    56
  ],
  "recovered_key_hex": "0D1A051308D5A677BAD9E4CD38AAA538",
  "stable_count_vs_n": [
    0,
    1,
    0,
    0,
    1,
    2,
    3,
    6,
    9,
    8,
    16
  ],
  "median_margin_vs_n": [
    0.011166053657600629,
    0.008416347292397354,
    0.002660782069677816,
    0.0034464563452994666,
    0.002280575006837777,
    0.0030435464936164856,
    0.0021025509511676567,
    0.0015757358587020227,
    0.0016126123360854332,
    0.0012669405194285829,
    0.0019029033793558602
  ],
  "bytes": [
    {
      "byte": 0,
      "poi": 2377,
      "recovered_key": 13,
      "recovered_key_hex": "0D",
      "score": 0.01939530220402442,
      "top1_over_n": [
        222,
        150,
        150,
        46,
        154,
        154,
        96,
        154,
        13,
        13,
        13
      ],
      "margin_over_n": [
        0.05112830476751058,
        0.006889489645356295,
        0.0006939482286193871,
        0.009882489615761506,
        0.0010554909726917874,
        0.005536202845538053,
        0.0007468353355111479,
        2.7997626606563603e-05,
        0.0014981363111813487,
        0.00045254879143737103,
        0.0011598857609325351
      ]
    },
    {
      "byte": 1,
      "poi": 1129,
      "recovered_key": 26,
      "recovered_key_hex": "1A",
      "score": 0.015507377445041411,
      "top1_over_n": [
        8,
        8,
        187,
        187,
        187,
        38,
        38,
        179,
        228,
        38,
        26
      ],
      "margin_over_n": [
        0.0028918338653674547,
        0.007026834373812366,
        0.010815224752035404,
        0.009652788068873937,
        0.009176175315493813,
        0.0018918084610285088,
        0.0014722847330839034,
        0.000701445294253332,
        0.0013143534381946584,
        7.820255412994623e-05,
        0.0003364746024167673
      ]
    },
    {
      "byte": 2,
      "poi": 1117,
      "recovered_key": 5,
      "recovered_key_hex": "05",
      "score": 0.021781263980460236,
      "top1_over_n": [
        154,
        154,
        210,
        19,
        174,
        195,
        195,
        195,
        5,
        5,
        5
      ],
      "margin_over_n": [
        0.010117437789040576,
        0.018903658931216843,
        0.006813837177630552,
        0.0013590060908265575,
        0.0025186004416519817,
        0.016042455679978883,
        0.002907165639848521,
        0.0010911056305451632,
        0.004214875456938258,
        0.00252832964247042,
        0.003556775459051916
      ]
    },
    {
      "byte": 3,
      "poi": 2463,
      "recovered_key": 19,
      "recovered_key_hex": "13",
      "score": 0.020487993393117535,
      "top1_over_n": [
        151,
        250,
        250,
        250,
        205,
        125,
        225,
        19,
        19,
        19,
        19
      ],
      "margin_over_n": [
        0.011069824583130453,
        0.0016963218402492736,
        0.0029563902524744404,
        0.0022951878219615238,
        0.0005771180379581242,
        0.00042955766268495954,
        0.0017423558889684068,
        0.002036814722878238,
        0.00462414018570351,
        0.0022643867249435394,
        0.0022097727293333633
      ]
    },
    {
      "byte": 4,
      "poi": 603,
      "recovered_key": 8,
      "recovered_key_hex": "08",
      "score": 0.02182102578484834,
      "top1_over_n": [
        232,
        242,
        32,
        157,
        32,
        32,
        32,
        32,
        147,
        9,
        8
      ],
      "margin_over_n": [
        0.047265714027271366,
        0.003613294647371798,
        0.0003541922470070985,
        0.0007498277546005572,
        0.007353204444169148,
        0.0077105553698529755,
        0.013680731694291785,
        0.003077737372973427,
        0.0009753804449609549,
        0.00042034585548049105,
        0.004798238903491257
      ]
    },
    {
      "byte": 5,
      "poi": 3710,
      "recovered_key": 213,
      "recovered_key_hex": "D5",
      "score": 0.02670918750453738,
      "top1_over_n": [
        58,
        160,
        20,
        20,
        213,
        213,
        213,
        213,
        213,
        213,
        213
      ],
      "margin_over_n": [
        0.010764603849099968,
        0.005164534844001256,
        0.0030388667094376,
        0.005436571101528828,
        0.004474117098186389,
        0.014057185972580759,
        0.014914101923176718,
        0.00906135405619457,
        0.007573453509574349,
        0.006115645331502422,
        0.0036980593250999887
      ]
    },
    {
      "byte": 6,
      "poi": 1219,
      "recovered_key": 166,
      "recovered_key_hex": "A6",
      "score": 0.025514996221309882,
      "top1_over_n": [
        212,
        18,
        65,
        248,
        129,
        139,
        166,
        125,
        166,
        125,
        166
      ],
      "margin_over_n": [
        0.005563314846288095,
        0.009805860210982342,
        3.0338804215025716e-05,
        0.001359637701062455,
        0.00013211766282596876,
        0.0004330121530872408,
        0.0006706776204066373,
        0.0015249425860147,
        0.0007408194682626337,
        3.302144026737924e-05,
        0.0038086984583764645
      ]
    },
    {
      "byte": 7,
      "poi": 3001,
      "recovered_key": 119,
      "recovered_key_hex": "77",
      "score": 0.021351477507101518,
      "top1_over_n": [
        241,
        123,
        91,
        93,
        164,
        93,
        93,
        119,
        119,
        119,
        119
      ],
      "margin_over_n": [
        0.005693585870785112,
        0.009821644133584856,
        0.0023651738868811917,
        0.0032643517098074545,
        0.002042549572023572,
        0.000685476729987762,
        0.004215021427069875,
        0.007232648006952537,
        0.006255459707577907,
        0.001310294934002875,
        0.00012352707050132875
      ]
    },
    {
      "byte": 8,
      "poi": 531,
      "recovered_key": 186,
      "recovered_key_hex": "BA",
      "score": 0.01858692759174563,
      "top1_over_n": [
        252,
        125,
        35,
        35,
        194,
        35,
        234,
        93,
        186,
        65,
        186
      ],
      "margin_over_n": [
        0.0017927808088768343,
        0.0005099132418857344,
        0.0021643939844789017,
        0.0019427400308751064,
        0.012577634186996818,
        0.0017651395753259871,
        0.0011029136927480677,
        0.0010533903596750133,
        0.001023600556109363,
        0.0012235861048542906,
        0.0005170355965875353
      ]
    },
    {
      "byte": 9,
      "poi": 424,
      "recovered_key": 217,
      "recovered_key_hex": "D9",
      "score": 0.02058767784665108,
      "top1_over_n": [
        60,
        217,
        216,
        216,
        140,
        241,
        216,
        217,
        228,
        228,
        217
      ],
      "margin_over_n": [
        0.012214971029219868,
        0.011545203171497778,
        0.009987388605577519,
        0.00801917507700689,
        0.000139966704968901,
        0.0032823301720654105,
        0.0003335937949314402,
        0.0011841987923559352,
        0.0022401180736980435,
        0.00027626192716453946,
        0.00015160717783053654
      ]
    },
    {
      "byte": 10,
      "poi": 92,
      "recovered_key": 228,
      "recovered_key_hex": "E4",
      "score": 0.02722350345040353,