{
  "dataset": "campaign_multisession_mlp16_sbox_smoke_01/byte_00/profile_b00.npz",
  "n_total": 15000,
  "n_train": 10500,
  "n_val": 2250,
  "n_test": 2250,
  "n_classes": 256,
  "poi": 400,
  "h1": 512,
  "h2": 256,
  "dropout": 0.1,
  "epochs": 80,
  "batch_size": 256,
  "lr": 0.001,
  "l2": 1e-05,
  "patience": 12,
  "best_val_acc1": 0.004888888888888889,
  "test_acc1": 0.003111111111111111,
  "test_acc5": 0.017333333333333333
}