{
  "dataset": "exp_blind_D/byte_03/profile_b03.npz",
  "n_total": 28984,
  "n_train": 20290,
  "n_val": 4347,
  "n_test": 4347,
  "n_classes": 9,
  "poi": 300,
  "h1": 256,
  "h2": 128,
  "dropout": 0.1,
  "epochs": 80,
  "batch_size": 256,
  "lr": 0.001,
  "l2": 1e-05,
  "patience": 15,
  "best_val_acc1": 0.25695882217621346,
  "test_acc1": 0.2463768115942029,
  "test_acc5": 0.9284564067172763
}