{
  "dataset": "exp_tune_sbox_s4242/byte_05/profile_b05.npz",
  "n_total": 28984,
  "n_train": 20290,
  "n_val": 4347,
  "n_test": 4347,
  "n_classes": 256,
  "poi": 700,
  "h1": 1024,
  "h2": 512,
  "dropout": 0.25,
  "epochs": 120,
  "batch_size": 256,
  "lr": 0.0008,
  "l2": 3e-05,
  "patience": 20,
  "best_val_acc1": 0.005291005291005291,
  "test_acc1": 0.004830917874396135,
  "test_acc5": 0.020933977455716585
}