{
  "dataset": "exp_blind_hw_wide/byte_11/profile_b11.npz",
  "n_total": 28984,
  "n_train": 20290,
  "n_val": 4347,
  "n_test": 4347,
  "n_classes": 9,
  "poi": 500,
  "h1": 512,
  "h2": 256,
  "dropout": 0.1,
  "epochs": 80,
  "batch_size": 256,
  "lr": 0.001,
  "l2": 1e-05,
  "patience": 15,
  "best_val_acc1": 0.24614676788589832,
  "test_acc1": 0.25304807913503563,
  "test_acc5": 0.9279963193006672
}