{
  "dataset": "exp_newblind_ref_hw_s4242/byte_08/profile_b08.npz",
  "n_total": 28984,
  "n_train": 20290,
  "n_val": 4347,
  "n_test": 4347,
  "n_classes": 9,
  "poi": 800,
  "h1": 768,
  "h2": 384,
  "dropout": 0.1,
  "epochs": 120,
  "batch_size": 256,
  "lr": 0.001,
  "l2": 1e-05,
  "patience": 20,
  "best_val_acc1": 0.25442834138486314,
  "test_acc1": 0.2617897400506096,
  "test_acc5": 0.9185645272601795
}