{
  "dataset": "sanity_samekey_hw/byte_12/profile_b12.npz",
  "n_total": 5000,
  "n_train": 3500,
  "n_val": 750,
  "n_test": 750,
  "n_classes": 9,
  "poi": 300,
  "h1": 256,
  "h2": 128,
  "dropout": 0.1,
  "epochs": 80,
  "batch_size": 256,
  "lr": 0.001,
  "l2": 1e-05,
  "patience": 15,
  "best_val_acc1": 0.23866666666666667,
  "test_acc1": 0.208,
  "test_acc5": 0.9173333333333333
}